,Date,CapMrktCurUSD,PriceUSD,Number of Coins
365,8/1/2018,13225098755.0,765.7962344,17269735.944003228
366,8/2/2018,12641957631.0,731.9591214,17271398.444792986
367,8/3/2018,12524716837.0,725.0948812,17273210.94347287
368,8/4/2018,12024888006.0,696.080155,17275148.44321341
369,8/5/2018,12257983339.0,709.4998429,17276935.945322957
370,8/6/2018,11945760441.0,691.3506532,17278873.44245298
371,8/7/2018,11366604915.0,657.770187,17280510.943862528
372,8/8/2018,10089120608.0,583.7843407,17282273.443481557
373,8/9/2018,10578222764.0,612.0240521000001,17283998.443694495
374,8/10/2018,9839164682.0,569.2022216,17285885.944616627
375,8/11/2018,9836828568.0,569.0082357999999,17287673.444954384
376,8/12/2018,9879855485.0,571.4400947,17289398.44549553
377,8/13/2018,9190581550.0,531.5136771000001,17291335.944814954
378,8/14/2018,8713448414.0,503.87036969999997,17293035.943327866
379,8/15/2018,8804181478.0,509.06638760000004,17294760.94367068
380,8/16/2018,8920695376.0,515.7470481,17296648.442029152
381,8/17/2018,10258858512.0,593.0486471,17298510.94369017
382,8/18/2018,9637506165.0,557.0712686,17300310.944451388
383,8/19/2018,9906581918.0,572.5686515,17301998.445159376
384,8/20/2018,8904678947.0,514.6109396,17303710.943108756
385,8/21/2018,9273553569.0,535.8682109,17305660.944926936
386,8/22/2018,8975521374.0,518.5937353999999,17307423.444051117
387,8/23/2018,9167997951.0,529.6608391,17309185.94355261
388,8/24/2018,9236418367.0,533.5566512,17311035.94384356
389,8/25/2018,9300182509.0,537.1865607999999,17312760.943143833
390,8/26/2018,9043463536.0,522.3077186,17314435.94255166
391,8/27/2018,9441833289.0,545.2558392999999,17316335.944464963
392,8/28/2018,9836933703.0,568.0138344,17318123.44569191
393,8/29/2018,9609450163.0,554.8225932,17319860.94433618
394,8/30/2018,9310871179.0,537.5276198,17321660.94546794
395,8/31/2018,9413471386.0,543.3932076,17323498.443376567
396,9/1/2018,10646301972.0,614.4874854,17325498.443747476
397,9/2/2018,11231143295.0,648.1753129,17327323.44394723
398,9/3/2018,10871901674.0,627.3788306,17329085.942543756
399,9/4/2018,10838109914.0,625.3688321000001,17330748.444250774
400,9/5/2018,9195933483.0,530.5506137,17332810.943085335
401,9/6/2018,8970013080.0,517.4775394,17334110.945956163
402,9/7/2018,8626679011.0,497.6132789,17336110.94557147
403,9/8/2018,8212092533.0,473.6518722,17337823.441627685
404,9/9/2018,8312758550.0,479.40755989999997,17339648.443870943
405,9/10/2018,8059665639.0,464.76144230000006,17341510.9461631
406,9/11/2018,7623145866.0,439.5451288,17343260.94526838
407,9/12/2018,7475611755.0,430.9943075,17345035.943427164
408,9/13/2018,8100740646.0,466.9866408,17346835.944005877
409,9/14/2018,7800307005.0,449.623683,17348523.44288101
410,9/15/2018,7824114061.0,450.9485263,17350348.44263998
411,9/16/2018,7810464484.0,450.11220779999996,17352260.944387566
412,9/17/2018,7267893098.0,418.804333,17353910.94437411
413,9/18/2018,7553154572.0,435.19707120000004,17355710.945326783
414,9/19/2018,7426153577.0,427.83454989999996,17357535.94172269
415,9/20/2018,7932783006.0,456.97436849999997,17359360.94630218
416,9/21/2018,8662292068.0,498.9455132,17361198.445185255
417,9/22/2018,8418500629.0,484.85292769999995,17362998.443538122
418,9/23/2018,8547644900.0,492.23838190000004,17364848.443972994
419,9/24/2018,8000895547.0,460.7062996,17366585.944118053
420,9/25/2018,7717112965.0,444.32240139999993,17368273.44442778
421,9/26/2018,8943128948.0,514.8536253000001,17370235.94383535
422,9/27/2018,9817155542.0,565.1113307999999,17372073.44277161
423,9/28/2018,9356850811.0,538.5598691,17373835.942578588
424,9/29/2018,9342277622.0,537.6634299,17375698.443425044
425,9/30/2018,9194155130.0,529.0850694000001,17377460.944846686
426,10/1/2018,9219439791.0,530.4870543999999,17379198.445148714
427,10/2/2018,9248724985.0,532.1173962,17380985.94604827
428,10/3/2018,8934064704.0,513.9608321000001,17382773.445003923
429,10/4/2018,8904090155.0,512.1812031000001,17384648.442987733
430,10/5/2018,9003074138.0,517.8191124,17386523.444977425
431,10/6/2018,8818909935.0,507.17388739999996,17388335.94176087
432,10/7/2018,8980493325.0,516.4152877,17390060.943000235
433,10/8/2018,9147935073.0,525.9913230000001,17391798.44417319
434,10/9/2018,8978041943.0,516.1704364,17393560.943971954
435,10/10/2018,8861854389.0,509.43450419999994,17395473.44347313
436,10/11/2018,7485708042.0,430.28362180000005,17397148.44521651
437,10/12/2018,7633785009.0,438.7523136,17398848.44449969
438,10/13/2018,7730047649.0,444.2368228,17400735.94142408
439,10/14/2018,7549076292.0,433.7911137,17402560.941395327
440,10/15/2018,7797607268.0,448.0276693,17404298.4447434
441,10/16/2018,7828958484.0,449.78282360000003,17406085.9446301
442,10/17/2018,7678240816.0,441.07798770000005,17407898.444531694
443,10/18/2018,7515207029.0,431.66784620000004,17409698.440958373
444,10/19/2018,7605313141.0,436.7979991,17411510.942518875
445,10/20/2018,7724810461.0,443.6139862,17413360.942856584
446,10/21/2018,7732546729.0,444.0168228999999,17414985.942416646
447,10/22/2018,7741626101.0,444.48872530000006,17416923.445639532
448,10/23/2018,7637531526.0,438.4686648,17418648.44431638
449,10/24/2018,7626915761.0,437.81365980000004,17420460.94332482
450,10/25/2018,7614469998.0,437.050304,17422410.940595068
451,10/26/2018,7576957836.0,434.8572703,17424010.94219443
452,10/27/2018,7570730035.0,434.4558972,17425773.44165925
453,10/28/2018,7610580426.0,436.6992195,17427510.941544056
454,10/29/2018,7206826866.0,413.4871355,17429385.940351702
455,10/30/2018,7314080976.0,419.59713789999995,17431198.440974876
456,10/31/2018,7377618550.0,423.19818269999996,17433010.942842126
457,11/1/2018,7369672098.0,422.7002255,17434748.442072928
458,11/2/2018,8029591032.0,460.5014875,17436623.441960108
459,11/3/2018,8304110973.0,476.1931277,17438535.942567322
460,11/4/2018,9913687002.0,568.4315542,17440423.440166578
461,11/5/2018,9650831930.0,553.3016597999999,17442260.94222897
462,11/6/2018,10885435371.0,624.0173321000001,17444123.441839892
463,11/7/2018,10695983100.0,613.0975015,17445810.94170386
464,11/8/2018,9979980011.0,571.9973464999999,17447598.440913398
465,11/9/2018,9411959866.0,539.3847628,17449435.940944236
466,11/10/2018,9637450855.0,552.2495416,17451260.940983277
467,11/11/2018,9146421744.0,524.0568157,17453110.941382993
468,11/12/2018,8921233645.0,511.1034722,17454848.441156805
469,11/13/2018,8800943782.0,504.15602340000004,17456785.942270268
470,11/14/2018,7455142636.0,427.0272587,17458235.94188274
471,11/15/2018,6776530536.0,388.1133087,17460185.94079714
472,11/16/2018,6100926380.0,349.38080510000003,17462110.942968912
473,11/17/2018,6422899195.0,367.7867896,17463648.441493668
474,11/18/2018,5776442661.0,330.73614360000005,17465410.940952867
475,11/19/2018,4984376979.0,285.3537518,17467360.942545
476,11/20/2018,3923652835.0,224.6082352,17468873.443158597
477,11/21/2018,4277469028.0,244.83762599999997,17470635.93893857
478,11/22/2018,3660064710.0,209.4761993,17472460.93938463
479,11/23/2018,3558871476.0,203.66669299999998,17473998.441168778
480,11/24/2018,3060099494.0,175.10912230000002,17475385.94110125
481,11/25/2018,3146653255.0,180.04476069999998,17477060.941768356
482,11/26/2018,3068477072.0,175.5538574,17478835.939266577
483,11/27/2018,3101701265.0,177.4367894,17480598.44572458
484,11/28/2018,3292692417.0,188.34288469999998,17482435.942534972
485,11/29/2018,3123614752.0,178.65396930000003,17484160.9410578
486,11/30/2018,2983674738.0,170.6319763,17486023.444715854
487,12/1/2018,2990593243.0,171.0099096,17487835.938836146
488,12/2/2018,2970791681.0,169.86133519999998,17489510.944336437
489,12/3/2018,2751727376.0,157.3210255,17491160.938307006
490,12/4/2018,2568311390.0,146.8203359,17492885.942920662
491,12/5/2018,2242398220.0,128.17632949999998,17494635.934320465
492,12/6/2018,1860953758.0,106.3623324,17496360.939147662
493,12/7/2018,1839480901.0,105.12386629999999,17498223.436251223
494,12/8/2018,1737819671.0,99.30533776,17499760.941349827
495,12/9/2018,1859139154.0,106.22682040000001,17501598.43812853
496,12/10/2018,1779379205.0,101.6583439,17503523.436800744
497,12/11/2018,1679110286.0,95.92052864,17505223.436600108
498,12/12/2018,1688471738.0,96.44587403,17506935.93667669
499,12/13/2018,1519161537.0,86.76610324,17508698.446418785
500,12/14/2018,1393937322.0,79.60586172,17510485.935105335
501,12/15/2018,1332088226.0,76.06597914,17512273.43762028
502,12/16/2018,1383047763.0,78.96796421,17514035.936421666
503,12/17/2018,1542342076.0,88.05371187,17515923.44314877
504,12/18/2018,1823155420.0,104.07431190000001,17517823.435160276
505,12/19/2018,2260503585.0,129.0249252,17519898.43432205
506,12/20/2018,3304613531.0,188.5999993,17521810.939900678
507,12/21/2018,3347624648.0,191.0359107,17523535.945328422
508,12/22/2018,3409825371.0,194.5660335,17525285.938462634
509,12/23/2018,3427079193.0,195.530461,17527085.935730495
510,12/24/2018,3195465949.0,182.29793,17528810.93603202
511,12/25/2018,2950685613.0,168.3153482,17530698.445241373
512,12/26/2018,3041378246.0,173.4711452,17532473.441006605
513,12/27/2018,2574170126.0,146.809171,17534123.43701607
514,12/28/2018,2980357949.0,169.9544992,17536210.944864474
515,12/29/2018,2912840711.0,166.08764519999997,17537973.444637652
516,12/30/2018,2831610677.0,161.43975519999998,17539735.94355401
517,12/31/2018,2603903365.0,148.4438457,17541335.935626466
518,1/1/2019,2858007199.0,162.9127825,17543173.440058336
519,1/2/2019,2993905622.0,170.64105759999998,17545048.44325344
520,1/3/2019,2798630529.0,159.49601830000003,17546710.93880216
521,1/4/2019,2798989972.0,159.5007092,17548448.442886297
522,1/5/2019,2777378792.0,158.2519471,17550360.94592229
523,1/6/2019,2891363706.0,164.72931619999997,17552210.940337773
524,1/7/2019,2797831140.0,159.3854,17553873.44135661
525,1/8/2019,2804053386.0,159.7228051,17555748.437077757
526,1/9/2019,2787524181.0,158.7654523,17557498.439476307
527,1/10/2019,2333645231.0,132.9009186,17559285.937095094
528,1/11/2019,2261239808.0,128.7646939,17561023.44137984
529,1/12/2019,2334037015.0,132.89560600000002,17562935.940861728
530,1/13/2019,2174166745.0,123.7813575,17564573.44556106
531,1/14/2019,2327126991.0,132.4754794,17566473.44504722
532,1/15/2019,2219995812.0,126.3641848,17568235.93262321
533,1/16/2019,2238227660.0,127.3896312,17569935.943106804
534,1/17/2019,2277628621.0,129.6180438,17571848.44198366
535,1/18/2019,2226069240.0,126.6707744,17573660.937530354
536,1/19/2019,2261399266.0,128.6668938,17575610.93776867
537,1/20/2019,2145611694.0,122.0672051,17577298.441807285
538,1/21/2019,2135945253.0,121.5043051,17579173.439509675
539,1/22/2019,2234701790.0,127.11073119999999,17580748.445887316
540,1/23/2019,2304750785.0,131.0811662,17582623.437172316
541,1/24/2019,2253905815.0,128.1775461,17584248.43959468
542,1/25/2019,2224814882.0,126.5095919,17586135.94895329
543,1/26/2019,2202711405.0,125.23954769999999,17587985.947349444
544,1/27/2019,2126232429.0,120.87872620000002,17589798.435516603
545,1/28/2019,1954605840.0,111.1106634,17591523.44328456
546,1/29/2019,1919986162.0,109.13128929999999,17593360.935395822
547,1/30/2019,2056532489.0,116.8806558,17595148.443717066
548,1/31/2019,1987281936.0,112.9334075,17596935.92881274
549,2/1/2019,2021026107.0,114.8389505,17598785.936309997
550,2/2/2019,2108324393.0,119.7870857,17600598.434126526
551,2/3/2019,2058154539.0,116.9250801,17602335.933742926
552,2/4/2019,2059853116.0,117.0091135,17604210.940372605
553,2/5/2019,2043360663.0,116.06031709999999,17606023.43727355
554,2/6/2019,1998625397.0,113.50804720000001,17607785.935022235
555,2/7/2019,2006524321.0,113.9458926,17609448.442725174
556,2/8/2019,2250180416.0,127.7685936,17611373.4416186
557,2/9/2019,2226210929.0,126.39456240000001,17613185.93718237
558,2/10/2019,2218421303.0,125.9393414,17614998.44559295
559,2/11/2019,2127021711.0,120.73878090000001,17616723.435046706
560,2/12/2019,2133412728.0,121.08953340000001,17618473.439422797
561,2/13/2019,2129437707.0,120.85088400000001,17620373.443027522
562,2/14/2019,2115372109.0,120.0404489,17622160.933121935
563,2/15/2019,2114129824.0,119.9579555,17623923.442076337
564,2/16/2019,2121739048.0,120.3780993,17625623.43431186
565,2/17/2019,2168665578.0,123.0277647,17627448.432378124
566,2/18/2019,2509561544.0,142.3516525,17629310.934764177
567,2/19/2019,2488731937.0,141.15510700000002,17631185.93364107
568,2/20/2019,2557101992.0,145.0180928,17632985.94422006
569,2/21/2019,2466267245.0,139.852307,17634798.43775477
570,2/22/2019,2519771961.0,142.8720696,17636560.93213057
571,2/23/2019,2650884302.0,150.2904264,17638410.945382744
572,2/24/2019,2260314246.0,128.1340144,17640235.9403484
573,2/25/2019,2357315656.0,133.6193473,17642023.431736972
574,2/26/2019,2318493004.0,131.4056412,17643785.935120113
575,2/27/2019,2300808181.0,130.3906596,17645498.44335629
576,2/28/2019,2283138926.0,129.3764823,17647248.444317922
577,3/1/2019,2307702322.0,130.7553341,17649010.940043937
578,3/2/2019,2295466986.0,130.0483511,17650873.437333416
579,3/3/2019,2274820172.0,128.86511140000002,17652723.435274195
580,3/4/2019,2167521677.0,122.7742085,17654535.944330685
581,3/5/2019,2310054494.0,130.8348638,17656260.930047303
582,3/6/2019,2313095534.0,130.99355970000002,17658085.93412856
583,3/7/2019,2295142841.0,129.96371969999998,17659873.43466286
584,3/8/2019,2241359882.0,126.90484620000001,17661735.931405272
585,3/9/2019,2337789664.0,132.35070259999998,17663598.440164234
586,3/10/2019,2310328904.0,130.7827226,17665398.441552248
587,3/11/2019,2259474880.0,127.890774,17667223.43865086
588,3/12/2019,2254422975.0,127.59227790000001,17668960.944226544
589,3/13/2019,2250329542.0,127.3480813,17670698.443416595
590,3/14/2019,2318803896.0,131.2102024,17672435.935515333
591,3/15/2019,2527757074.0,143.0191102,17674260.946422808
592,3/16/2019,2740164388.0,155.0202252,17676173.44423778
593,3/17/2019,2711996332.0,153.4095237,17678148.439489614
594,3/18/2019,2826029687.0,159.8455825,17679748.43471198
595,3/19/2019,2817287794.0,159.3349024,17681548.433923036
596,3/20/2019,2792291101.0,157.9048879,17683373.44166532
597,3/21/2019,2694434714.0,152.3565411,17685060.94025523
598,3/22/2019,2765453669.0,156.3556132,17686948.44017279
599,3/23/2019,2920524175.0,165.1058541,17688798.44339814
600,3/24/2019,2892724614.0,163.51727680000002,17690635.941412643
601,3/25/2019,2818509513.0,159.3068051,17692335.937757127
602,3/26/2019,2803044711.0,158.4178229,17693998.438353743
603,3/27/2019,3028180775.0,171.1213794,17696098.439702034
604,3/28/2019,2961010535.0,167.30859569999998,17697898.44097054
605,3/29/2019,3007401803.0,169.9130812,17699648.44237078
606,3/30/2019,2947162256.0,166.4924825,17701473.43439365
607,3/31/2019,2981620515.0,168.4236534,17703098.435460016
608,4/1/2019,2961729672.0,167.2831829,17704885.934472494
609,4/2/2019,4233983963.0,239.11460269999998,17706923.43834842
610,4/3/2019,5249734089.0,296.4471582,17708835.93850555
611,4/4/2019,5097468827.0,287.8202476,17710598.436021913
612,4/5/2019,5198649371.0,293.505483,17712273.439879823
613,4/6/2019,5417271782.0,305.8143731,17714248.441254836
614,4/7/2019,5691584846.0,321.2674023,17716035.94156493
615,4/8/2019,5479481842.0,309.2609883,17717985.938415885
616,4/9/2019,5236152844.0,295.50023230000005,17719623.44409974
617,4/10/2019,5398103076.0,304.6099616,17721360.941860937
618,4/11/2019,4832664080.0,272.67737389999996,17723010.937358893
619,4/12/2019,5020416208.0,283.240302,17724935.937965497
620,4/13/2019,4942862884.0,278.8356229,17726798.436269674
621,4/14/2019,5114655987.0,288.4966671,17728648.439557657
622,4/15/2019,5559910083.0,313.57823039999994,17730535.93646404
623,4/16/2019,5632832673.0,317.660598,17732235.94133006
624,4/17/2019,5486563429.0,309.38128900000004,17733985.939272493
625,4/18/2019,5428048697.0,306.05064330000005,17735785.942064703
626,4/19/2019,5433060254.0,306.3014767,17737623.44385067
627,4/20/2019,5320675356.0,299.93676899999997,17739323.43720086
628,4/21/2019,5142936649.0,289.88563250000004,17741260.940208893
629,4/22/2019,5199316571.0,293.03503870000003,17742985.938015744
630,4/23/2019,5154687166.0,290.4935164,17744585.93734039
631,4/24/2019,4922629720.0,277.38538589999996,17746535.93962104
632,4/25/2019,4671735018.0,263.2224991,17748235.93717639
633,4/26/2019,4586282882.0,258.3796095,17750173.440060098
634,4/27/2019,4604629919.0,259.3889407,17751835.936311375
635,4/28/2019,4419159339.0,248.9159103,17753623.437223893
636,4/29/2019,4110841855.0,231.5256565,17755448.433422323
637,4/30/2019,4674097490.0,263.2204637,17757348.438255183
638,5/1/2019,4746666372.0,267.2823239,17758998.43558641
639,5/2/2019,4709511628.0,265.1644031,17760723.433997013
640,5/3/2019,5109584869.0,287.6599662,17762585.932612825
641,5/4/2019,5113017692.0,287.824263,17764373.436439585
642,5/5/2019,5178118950.0,291.4569786,17766323.43776036
643,5/6/2019,5085502110.0,286.21452189999997,17768148.437195007
644,5/7/2019,5090262779.0,286.45383849999996,17769923.439165227
645,5/8/2019,5039557872.0,283.57369710000006,17771598.43644751
646,5/9/2019,5020836397.0,282.4922318,17773360.93459261
647,5/10/2019,5081351707.0,285.8697208,17775060.936079383
648,5/11/2019,6552374535.0,368.5864482,17777035.93552792
649,5/12/2019,6284352572.0,353.4750355,17778773.43759401
650,5/13/2019,6811744535.0,383.10173199999997,17780510.934886612
651,5/14/2019,6921166300.0,389.219094,17782185.937671393
652,5/15/2019,7226501494.0,406.34823719999997,17784010.93553458
653,5/16/2019,7061855876.0,397.04886380000005,17785860.9351346
654,5/17/2019,6505806336.0,365.7480198,17787673.435819376
655,5/18/2019,6381554002.0,358.7249013,17789548.422408335
656,5/19/2019,7494050228.0,421.21730870000005,17791410.925464656
657,5/20/2019,7371734236.0,414.30242789999994,17793123.42765057
658,5/21/2019,7454495813.0,418.911962,17794898.42545962
659,5/22/2019,6966494858.0,391.4476224,17796748.426488847
660,5/23/2019,7202326151.0,404.6560748,17798635.926965207
661,5/24/2019,7265188251.0,408.147221,17800410.923292797
662,5/25/2019,7228372979.0,406.040787,17802085.924436945
663,5/26/2019,7721110244.0,433.6761715,17803860.925294116
664,5/27/2019,7864445475.0,441.6823115,17805660.924684778
665,5/28/2019,7714279374.0,433.20490250000006,17807460.925491255
666,5/29/2019,8092892989.0,454.41729569999995,17809385.922543794
667,5/30/2019,7522304552.0,422.3333062,17811298.426077105
668,5/31/2019,7891246784.0,443.0015477,17813135.924626477
669,6/1/2019,7707774037.0,432.66191789999993,17814773.4249666
670,6/2/2019,7893026845.0,443.0159861000001,17816573.425452735
671,6/3/2019,7216211477.0,404.9896624,17818260.92605963
672,6/4/2019,6798617461.0,381.5105452,17820260.924730003
673,6/5/2019,7090334726.0,397.84061610000003,17822048.4260908
674,6/6/2019,7041727622.0,395.0741877,17823810.92268965
675,6/7/2019,7150684259.0,401.1466585,17825610.92678278
676,6/8/2019,7035718697.0,394.65679339999997,17827435.925748847
677,6/9/2019,6767431726.0,379.56962930000003,17829223.424646635
678,6/10/2019,7017639610.0,393.562927,17831048.42596112
679,6/11/2019,6937982678.0,389.0587909,17832735.92649208
680,6/12/2019,7039206343.0,394.69551129999996,17834523.42747735
681,6/13/2019,7361987689.0,412.7502198,17836423.424722303
682,6/14/2019,7500325266.0,420.46369119999997,17838223.425652124
683,6/15/2019,7543709550.0,422.8516377,17840085.924775407
684,6/16/2019,7651328957.0,428.8426208000001,17841810.925244674
685,6/17/2019,7709984070.0,432.09319730000004,17843335.92423349
686,6/18/2019,7353705945.0,412.0837478,17845173.42472102
687,6/19/2019,7421645254.0,415.8483728,17846998.424037118
688,6/20/2019,7384741678.0,413.7382898,17848823.423062354
689,6/21/2019,7836352994.0,438.99481030000004,17850673.425147776
690,6/22/2019,8565889757.0,479.8132767,17852548.424490064
691,6/23/2019,8442873285.0,472.8765586,17854285.926111456
692,6/24/2019,8465555436.0,474.10016110000004,17856048.427316174
693,6/25/2019,8519173186.0,477.055517,17857823.423934955
694,6/26/2019,8592748338.0,481.1351546,17859323.42678998
695,6/27/2019,7353838876.0,411.7226228,17861148.42558027
696,6/28/2019,7757470290.0,434.27623600000004,17862985.92216775
697,6/29/2019,7863954488.0,440.19181150000003,17864835.925054457
698,6/30/2019,7204616328.0,403.24386289999995,17866648.42506646
699,7/1/2019,7438287376.0,416.2787937,17868523.423656687
700,7/2/2019,7237124830.0,404.9797866,17870335.926538806
701,7/3/2019,7534824032.0,421.5952841,17872173.42358313
702,7/4/2019,7169390896.0,401.1072803,17873998.42415675
703,7/5/2019,7156184466.0,400.32782260000005,17875810.927961215
704,7/6/2019,7259649665.0,406.0769208,17877523.427576188
705,7/7/2019,7376397013.0,412.5669337,17879273.42321569
706,7/8/2019,7493427147.0,419.0703192,17881073.42296362
707,7/9/2019,7433039829.0,415.64986089999996,17882935.923292164
708,7/10/2019,6967918313.0,389.6008642,17884760.9265647
709,7/11/2019,6093854694.0,340.69555089999994,17886510.92713756
710,7/12/2019,6334175291.0,354.0992375,17888135.924043044
711,7/13/2019,6148185962.0,343.66753930000004,17889923.425770573
712,7/14/2019,5255478015.0,293.7393784,17891635.92442599
713,7/15/2019,5662492581.0,316.4542041,17893560.924887076
714,7/16/2019,5038585482.0,281.5579962,17895373.422180932
715,7/17/2019,5211275766.0,291.1764671,17897310.92592132
716,7/18/2019,5663300487.0,316.4027641,17899023.427020688
717,7/19/2019,5492625593.0,306.8386195,17900698.425610013
718,7/20/2019,5874682963.0,328.1492352,17902473.426212635
719,7/21/2019,5752456335.0,321.29002,17904248.426390585
720,7/22/2019,5550988648.0,310.00374930000004,17906198.426742703
721,7/23/2019,5341544659.0,298.2774506,17907973.426268782
722,7/24/2019,5419876023.0,302.62008239999994,17909835.923698105
723,7/25/2019,5404791957.0,301.7473227,17911648.423716072
724,7/26/2019,5713974364.0,318.9754594,17913523.42511902
725,7/27/2019,5454693280.0,304.4723108,17915235.92299021
726,7/28/2019,5539796833.0,309.1926689,17916973.42860253
727,7/29/2019,5478210163.0,305.72397830000006,17918810.92697399
728,7/30/2019,5712439196.0,318.76319680000006,17920635.92455476
729,7/31/2019,5888327946.0,328.546902,17922335.928767942
730,8/1/2019,5906854904.0,329.54754019999996,17924135.924107257
731,8/2/2019,5875461045.0,327.763597,17925910.927197933
732,8/3/2019,6008348881.0,335.14194649999996,17927773.421820838
733,8/4/2019,6033451234.0,336.50858819999996,17929560.925244763
734,8/5/2019,6216267211.0,346.670371,17931348.424927842
735,8/6/2019,6003010396.0,334.74357480000003,17933160.926499132
736,8/7/2019,6076118125.0,338.78695669999996,17934923.422628924
737,8/8/2019,5978563080.0,333.3141142,17936723.424837194
738,8/9/2019,5633244920.0,314.03036139999995,17938535.92654561
739,8/10/2019,5670285028.0,316.06216,17940410.924230855
740,8/11/2019,6066490163.0,338.1118014,17942260.92635878
741,8/12/2019,5919436594.0,329.8843825,17943973.428326815
742,8/13/2019,6241299201.0,347.78415950000004,17945898.42726865
743,8/14/2019,5555547799.0,309.54440930000004,17947498.427005187
744,8/15/2019,5652815174.0,314.93237450000004,17949298.42628802
745,8/16/2019,5567120255.0,310.1263496,17951135.923085716
746,8/17/2019,5500093119.0,306.36133739999997,17952960.92410909
747,8/18/2019,5695502382.0,317.2129431,17954823.42662329
748,8/19/2019,5832080851.0,324.79055839999995,17956435.925139874
749,8/20/2019,5670097404.0,315.7373356,17958273.42757877
750,8/21/2019,5417806722.0,301.657754,17960110.920934588
751,8/22/2019,5601729217.0,311.86645710000005,17961948.422057472
752,8/23/2019,5691968572.0,316.85751960000005,17963810.92418297
753,8/24/2019,5502782459.0,306.29702000000003,17965510.92465738
754,8/25/2019,5488125754.0,305.4505917,17967310.927294564
755,8/26/2019,5590185608.0,311.0984344,17969185.922717717
756,8/27/2019,5533044514.0,307.887858,17970973.42500593
757,8/28/2019,5253020972.0,292.27740550000004,17972723.423535384
758,8/29/2019,5023039470.0,279.4528881,17974548.426218253
759,8/30/2019,5016674391.0,279.0706313,17976360.922074568
760,8/31/2019,5017474616.0,279.0866191,17978198.425207123
761,9/1/2019,5064159353.0,281.65457369999996,17980035.92298846
762,9/2/2019,5292149792.0,294.304696,17981873.425492335
763,9/3/2019,5412031295.0,300.9451339,17983448.42750754
764,9/4/2019,5288775381.0,294.0614388,17985273.426472805
765,9/5/2019,5259246648.0,292.38912830000004,17987148.42298738
766,9/6/2019,5160102010.0,286.848452,17988948.42911685
767,9/7/2019,5406728387.0,300.52742850000004,17990798.42391158
768,9/8/2019,5528813136.0,307.2845609,17992485.921865918
769,9/9/2019,5505508571.0,305.9595636,17994235.92523388
770,9/10/2019,5456813798.0,303.2218361,17996110.92718398
771,9/11/2019,5362894043.0,297.9723128,17997960.926656943
772,9/12/2019,5407489943.0,300.4198895,17999773.423789904
773,9/13/2019,5371689691.0,298.39904900000005,18001698.426994648
774,9/14/2019,5485041419.0,304.66657860000004,18003423.42834187
775,9/15/2019,5457218885.0,303.0900312,18005273.427811768
776,9/16/2019,5531812307.0,307.201972,18007085.9278208
777,9/17/2019,5773902655.0,320.61298189999997,18008948.42368203
778,9/18/2019,5839748889.0,324.2364307,18010773.42355533
779,9/19/2019,5817513131.0,322.9727099,18012398.424626157
780,9/20/2019,5673709255.0,314.9554452,18014323.427229956
781,9/21/2019,5614924951.0,311.6602409,18016173.429069564
782,9/22/2019,5541536353.0,307.55602880000004,18017973.422994073
783,9/23/2019,5278658778.0,292.9416965,18019485.928661577
784,9/24/2019,3998244989.0,221.86297349999998,18021235.92740904
785,9/25/2019,4091053058.0,226.9899145,18023060.92326406
786,9/26/2019,3881594145.0,215.3454957,18024960.923294578
787,9/27/2019,3968848231.0,220.16378819999997,18026798.427880615
788,9/28/2019,4101635458.0,227.5062264,18028673.425352897
789,9/29/2019,3935116464.0,218.2477917,18030498.422678888
790,9/30/2019,4093293994.0,226.9983787,18032260.92380897
791,10/1/2019,4035414518.0,223.77045619999998,18033723.42590773
792,10/2/2019,4064348940.0,225.35211260000003,18035548.427336995
793,10/3/2019,4021940379.0,222.9781623,18037373.42488628
794,10/4/2019,4013038414.0,222.46104590000002,18039285.924259875
795,10/5/2019,4025377862.0,223.12235040000002,18041123.42301679
796,10/6/2019,3978446590.0,220.49945919999996,18042885.930125676
797,10/7/2019,4220928156.0,233.91481580000004,18044723.42448348
798,10/8/2019,4165178015.0,230.8008003,18046635.928411033
799,10/9/2019,4316778345.0,239.1772547,18048448.42129547
800,10/10/2019,4162898066.0,230.62797819999997,18050273.425152026
801,10/11/2019,3989487258.0,220.9994505,18052023.427994903
802,10/12/2019,4059010253.0,224.8275119,18053885.926582634
803,10/13/2019,4039917982.0,223.74985669999998,18055510.92449035
804,10/14/2019,4113901353.0,227.8248526,18057298.42925837
805,10/15/2019,4004568317.0,221.7473506,18059148.423485156
806,10/16/2019,3923495471.0,217.23640299999997,18060948.426769894
807,10/17/2019,3966335552.0,219.58694730000002,18062710.92507692
808,10/18/2019,3836217046.0,212.3636926,18064373.42952851
809,10/19/2019,3845646604.0,212.8646269,18066160.921169
810,10/20/2019,4054487008.0,224.4014034,18068010.92403507
811,10/21/2019,4208456089.0,232.8982298,18069935.92271606
812,10/22/2019,4099738143.0,226.8586511,18071773.428613145
813,10/23/2019,3785659312.0,209.4572499,18073660.920342296
814,10/24/2019,3858325686.0,213.4564111,18075473.42390411
815,10/25/2019,4668226670.0,258.23589300000003,18077373.426938754
816,10/26/2019,4569907234.0,252.7727858,18079110.9277714
817,10/27/2019,4729308595.0,261.56452859999996,18080848.42510255
818,10/28/2019,4840262722.0,267.67351099999996,18082710.92614764
819,10/29/2019,5221854804.0,288.747361,18084510.923027966
820,10/30/2019,5238804382.0,289.655173,18086348.42506334
821,10/31/2019,5121530894.0,283.1450575,18088010.92704929
822,11/1/2019,5035968353.0,278.38739350000003,18089785.926315658
823,11/2/2019,5247313525.0,290.04265710000004,18091523.424400456
824,11/3/2019,5273497616.0,291.4605684,18093348.424280368
