,date,txvolume_usd,txcount,paymentcount,activeaddresses,mediantxvalue_usd,marketcap_usd,price_usd,exchangevolume_usd
16,9/13/17,1904725.615,384,384,391,259.98591469999997,0.0,0.0020510000000000003,48512.0
17,9/14/17,2678158.659,334,334,283,216.149509,0.0,0.002006,58770.0
18,9/15/17,337296.8817,169,169,176,290.604105,0.0,0.001419,26475.0
19,9/16/17,249739.7947,204,204,151,180.7739999,0.0,0.0018149999999999998,54535.0
20,9/17/17,269382.0738,258,258,187,305.37086400000004,0.0,0.001836,124998.0
21,9/18/17,1968324.241,463,463,383,339.879,0.0,0.003324,159158.0
22,9/19/17,1784011.4840000002,377,377,303,327.3,0.0,0.003273,158416.0
23,9/20/17,472702.2416,310,310,264,255.85059159999997,0.0,0.002306,83399.0
24,9/21/17,667529.3821,363,363,252,251.7224103,0.0,0.0026379999999999997,99853.0
25,9/22/17,212418.4159,1801,1801,1776,0.00027342,0.0,0.002079,38829.0
26,9/23/17,19588517.82,5616,5616,4172,0.00078933,0.0,0.001934,42314.0
27,9/24/17,35434124.43,4857,4857,4846,0.00017603,0.0,0.002346,50023.0
28,9/25/17,574814.587,7873,7873,7860,0.000160145,0.0,0.002251,106284.0
29,9/26/17,527724.3769,8941,8941,8948,0.000131137,0.0,0.001777,61508.0
30,9/27/17,31686727.89,9973,9973,9973,0.00013036,0.0,0.001736,35671.0
31,9/28/17,3108313.204,8415,8415,8419,0.000184295,25802729.09,0.0025629999999999997,69532.0
32,9/29/17,581696.7343,8322,8322,8326,0.000196142,29202481.28,0.0029010000000000004,58162.0
33,9/30/17,144505.4035,3185,3185,3209,0.000167722,19959147.59,0.001983,53734.0
34,10/1/17,249180286.4,6692,6692,6684,0.00018126900000000002,22757585.31,0.002261,72807.0
35,10/2/17,1824251.679,7092,7092,6955,0.000182394,73920263.72,0.001848,887622.0
36,10/3/17,21386637.47,7973,7973,7935,0.00026550099999999996,109897989.0,0.002748,822107.0
37,10/4/17,1771031.5980000002,5840,5840,5742,0.000235519,98767293.05,0.0024690000000000003,1072200.0
38,10/5/17,2420506.345,5926,5926,5786,0.000298286,130768664.8,0.0032689999999999998,704167.0
39,10/6/17,2142753.71,3777,3777,3723,0.000316999,132819604.0,0.003321,478330.0
40,10/7/17,425213.8887,5353,5353,5316,0.000259643,195036872.5,0.002995,352974.0
41,10/8/17,368298.7564,6946,6946,6904,0.00020229400000000003,167018655.0,0.002565,239490.0
42,10/9/17,1261028.8909999998,7631,7631,7605,0.000193,167156335.9,0.0025670000000000003,350960.0
43,10/10/17,387565.9208,7637,7637,7658,0.000151378,142983667.3,0.002186,215705.0
44,10/11/17,277834.3272,8473,8473,8473,0.000167152,149684912.5,0.0022890000000000002,289055.0
45,10/12/17,218459.6139,7662,7662,7664,0.00018040900000000003,161573128.4,0.002471,136756.0
46,10/13/17,336959.9829,7579,7579,7604,0.00017606,153333130.9,0.002345,184709.0
47,10/14/17,237202.4933,5022,5022,5036,0.00016238,138231748.2,0.002114,121404.0
48,10/15/17,133419.6044,9283,9283,9310,0.00014992100000000002,155482779.6,0.002378,116033.0
49,10/16/17,229547.7586,31481,31481,31487,0.00014371299999999998,149588193.6,0.002287,152645.0
50,10/17/17,271679.3008,39390,39390,39398,0.000140237,140969861.5,0.002156,116008.0
51,10/18/17,239166.5817,28689,28689,28705,0.000127723,127051568.0,0.001943,189768.0
52,10/19/17,418084.4778,18233,18233,18245,0.000140279,136989613.4,0.002094,325575.0
53,10/20/17,403740.571,20495,20495,20468,0.000124425,125367084.5,0.001916,211546.0
54,10/21/17,236501.7689,9113,9113,9094,0.00014099299999999998,127798908.0,0.001953,243113.0
55,10/22/17,347468.3179,299,299,252,206.4836948,150871259.7,0.002306,244796.0
56,10/23/17,459595.8569,252,252,226,510.4433513,168461747.6,0.002575,221618.0
57,10/24/17,341743.8749,318,318,223,242.5,158686273.8,0.002425,297411.0
58,10/25/17,539296.4099,507,507,370,272.89724069999994,173752068.9,0.002656,715742.0
59,10/26/17,824045.8557,385,385,295,406.9980359,198164555.8,0.003029,794428.0
60,10/27/17,922979.7973,386,386,277,460.6033429,185826420.2,0.0028399999999999996,1589480.0
61,10/28/17,536421.6254,475,475,371,310.7630537,200159522.5,0.003059,1031720.0
62,10/29/17,3542119.288,666,666,470,593.9300519999999,195523248.1,0.0029879999999999998,1605430.0
63,10/30/17,3619221.6089999997,4830,4830,4466,70.2338,193077208.6,0.002951,1347640.0
64,10/31/17,3196786.9439999997,755,755,783,552.0,180826318.8,0.0027600000000000003,1805800.0
65,11/1/17,519557.0761,4252,4252,4264,0.000289502,182332840.8,0.002782,1398750.0
66,11/2/17,497358.6682,8710,8710,8697,0.000260734,165377419.9,0.0025239999999999998,1429590.0
67,11/3/17,2353654.27,27600,27600,27591,0.000231683,151000005.1,0.002304,1588360.0
68,11/4/17,236375.2746,54906,54906,54933,0.00022413099999999997,145993382.3,0.002228,1696040.0
69,11/5/17,387475.4114,68169,68169,68167,0.000214705,139288452.2,0.0021260000000000003,1762660.0
70,11/6/17,1515750.446,52329,52329,52316,0.000222723,145039139.0,0.0022129999999999997,1719120.0
71,11/7/17,218339.0442,50551,50551,50509,0.000215637,140527081.2,0.0021449999999999998,1497470.0
72,11/8/17,974027.1302,35564,35564,35532,0.00021933,142395198.3,0.002173,2839470.0
73,11/9/17,256264.3646,272,272,225,460.8,150976955.3,0.002304,2924350.0
74,11/10/17,350619.0513,282,282,185,467.0,152977925.2,0.0023350000000000003,2193620.0
75,11/11/17,376579.3596,207,207,172,388.474169,132776688.5,0.002026,1748460.0
76,11/12/17,273775.5331,205,205,192,359.074,131421538.5,0.002006,2174370.0
77,11/13/17,497715.8252,230,230,168,359.0,117765085.1,0.001795,2889150.0
78,11/14/17,1053849.8290000001,392,392,314,487.2318819,138514465.3,0.002111,4040400.0
79,11/15/17,883421.3949,333,333,273,488.8,160380741.6,0.002444,5008060.0
80,11/16/17,1165324.997,392,392,237,882.9656213999999,152431866.5,0.002323,5082450.0
81,11/17/17,677109.8255,260,260,211,591.5256789,143498944.6,0.002187,5720510.0
82,11/18/17,203538.6614,205,205,173,395.30897999999996,129914120.8,0.00198,5709820.0
83,11/19/17,391118.4722,202,202,175,200.99,132512167.5,0.00202,4289470.0
84,11/20/17,295643.9915,246,246,207,346.55679100000003,130752999.0,0.001993,3909200.0
85,11/21/17,348831.5728,264,264,222,349.02565219999997,140965416.8,0.002148,3417520.0
86,11/22/17,986297.0597,362,362,322,867.1385119999999,140831601.5,0.002146,4119730.0
87,11/23/17,2098765.539,608,608,389,1155.5,151630647.2,0.002311,4402340.0
88,11/24/17,2293004.075,406,406,271,1413.481914,138173876.9,0.002106,4204470.0
89,11/25/17,406750.0697,243,243,219,607.0865,132994044.3,0.002027,4704770.0
90,11/26/17,582222.9095,271,271,224,903.691183,134690113.5,0.00205,6245890.0
91,11/27/17,749802.5901,346,346,250,692.9829859,141396928.0,0.002151,6405580.0
92,11/28/17,2013820.132,487,487,348,900.8840142000001,135573947.5,0.002062,6065010.0
93,11/29/17,2078074.389,633,633,446,1848.0,151898153.9,0.00231,7852660.0
94,11/30/17,959837.18,324,324,244,718.4739304,137402087.6,0.00209,4155450.0
95,12/1/17,3211252.269,384,384,263,592.4447452,147347960.3,0.002241,6294070.0
96,12/2/17,978834.4831,268,268,223,459.1953306,138714632.7,0.0021100000000000003,5760180.0
97,12/3/17,3304353.812,378,378,356,2080.0,136754947.4,0.0020800000000000003,7261200.0
98,12/4/17,6107162.117000001,443,443,332,2124.0,139644601.1,0.002124,10447300.0
99,12/5/17,3524449.0360000003,240,240,233,1606.896093,140634034.3,0.002139,8749920.0
100,12/6/17,2452155.463,386,386,281,838.9836605,135959696.1,0.002068,33314700.0
101,12/7/17,14384971.55,1961,1961,1464,1167.596772,206033627.5,0.003134,44215300.0
102,12/8/17,8765605.912,878,878,617,1617.814586,283468195.0,0.004311,21605600.0
103,12/9/17,20698012.6,504,504,398,905.3996422,292006000.1,0.004441,17520500.0
104,12/10/17,10165387.89,1407,1407,1235,1802.150893,292693023.3,0.004452,18145200.0
105,12/11/17,5477544.947000001,845,845,609,869.456,291633029.6,0.004436,20137200.0
106,12/12/17,16193809.34,1380,1380,912,1148.396865,340389123.0,0.005177,48699100.0
107,12/13/17,37664289.21,2407,2407,1570,1160.913973,500606737.4,0.007614,174319008.0
108,12/14/17,171988813.8,4226,4226,2834,1133.2700300000001,1081229025.0,0.016444999999999998,192816992.0
109,12/15/17,45565123.79,3302,3302,2231,970.0232845,1145308660.0,0.017419999999999998,139710000.0
110,12/16/17,77902889.88,4297,4297,2911,756.0794618,1210082137.0,0.018405,336496000.0
111,12/17/17,187080793.5,4980,4980,3421,749.633,2476748098.0,0.03767,338444992.0
112,12/18/17,394247501.9,5807,5807,4140,1454.88,2391377167.0,0.036372,369401984.0
113,12/19/17,1646996672.0,5220,5220,3533,824.7485786000001,2921968695.0,0.044442,235095008.0
114,12/20/17,95009467.17,5221,5221,3066,1977.1544,3080434314.0,0.046852,317193984.0
115,12/21/17,480985524.1,8877,8877,5001,1710.8670690000001,3285181332.0,0.049966,460308000.0
116,12/22/17,239434489.9,6644,6644,4044,1523.637881,3002193965.0,0.045662,494380000.0
117,12/23/17,173043262.4,5346,5346,3763,773.2438981,2649657273.0,0.0403,503996992.0
118,12/24/17,132175996.8,4439,4439,3070,869.8937,3384219325.0,0.051473000000000005,230931008.0
119,12/25/17,78978729.94,4281,4281,2684,913.9794,2413380595.0,0.036706,189610000.0
120,12/26/17,65408472.22,4683,4683,3135,759.8787631,2350335322.0,0.035748,263744992.0
121,12/27/17,66590877.58,4418,4418,3190,604.5367729,2487254121.0,0.03783,173156000.0
122,12/28/17,37383970.25,5430,5430,3845,625.8655131,2414376363.0,0.036722000000000005,261940992.0
123,12/29/17,61975833.04,6252,6252,4570,634.9213467000001,2761914715.0,0.042007,246896992.0
124,12/30/17,47042433.64,5736,5736,4187,550.9680844999999,2390380775.0,0.036357,256698000.0
125,12/31/17,76876460.57,6417,6417,3965,1018.8378,2375395214.0,0.036129,375152000.0
126,1/1/18,210289834.5,7300,7300,4382,1432.85238,2937738005.0,0.044682,516798016.0
127,1/2/18,462993004.5,14867,14867,9703,992.3928615,3423495329.0,0.052070000000000005,1604039936.0
128,1/3/18,270185869.8,15326,15326,10785,778.3534988,5170952921.0,0.078648,1136850048.0
129,1/4/18,432093825.7,23752,23752,16952,689.4338597999999,6240818430.0,0.09492,4089410048.0
130,1/5/18,2996227664.0,18996,18996,15513,848.79495,13779440430.0,0.209579,3864399872.0
131,1/6/18,1085971140.0,15482,15482,14140,1182.1997,14760403462.0,0.22449899999999998,2437349888.0
132,1/7/18,602648081.1,14413,14413,12272,817.7291639,11419014573.0,0.173678,1750349952.0
133,1/8/18,292734797.8,16735,16735,14092,1014.689275,13491200355.0,0.205195,1532320000.0
134,1/9/18,164783368.5,15427,15427,13306,845.8460298,10136070092.0,0.154165,1262109952.0
135,1/10/18,176382324.6,13971,13971,11723,1042.8342,8351335408.0,0.12702,1729920000.0
136,1/11/18,247304955.7,14625,14625,11874,1295.1873,8601638777.0,0.130827,1074579968.0
137,1/12/18,213047869.3,12132,12132,9040,1331.6117869999998,7219283031.0,0.109802,679499008.0
138,1/13/18,339390189.4,11903,11903,8117,2070.504615,7146434033.0,0.108694,819091008.0
139,1/14/18,144632551.7,9536,9536,7676,1442.620709,6748031824.0,0.10263399999999999,714278976.0
140,1/15/18,191316470.6,9831,9831,8350,1573.77571,5581356685.0,0.08489,1013430016.0
141,1/16/18,147433207.0,7714,7714,6822,1084.1067970000001,4999812121.0,0.076045,695308992.0
142,1/17/18,99962750.51,7948,7948,6806,727.9510535000001,3536985085.0,0.053796000000000004,1326569984.0
143,1/18/18,102433946.1,9359,9359,7701,982.074768,5025271889.0,0.076432,1392329984.0
144,1/19/18,193951110.9,6709,6709,5590,1201.1935839999999,5418256256.0,0.08240900000000001,706521984.0
145,1/20/18,46421517.32,5077,5077,4390,802.9975415,5336010594.0,0.08115800000000001,626438976.0
146,1/21/18,132055599.5,4563,4563,3840,937.7914,5579925437.0,0.084868,561259008.0
147,1/22/18,57574687.74,5018,5018,4409,653.2852352000001,4730365332.0,0.071947,623766976.0
148,1/23/18,26616641.11,3791,3791,3438,467.2971033,4681908303.0,0.07121,409592000.0
149,1/24/18,42372494.63,5946,5946,4491,970.4474705,4510050203.0,0.068596,505468992.0
150,1/25/18,40803227.8,4412,4412,3342,834.9000482999999,4684669772.0,0.071252,362497984.0
151,1/26/18,40330670.89,4616,4616,3765,686.0,4510326004.0,0.0686,381401984.0
152,1/27/18,25691681.95,4272,4272,3425,654.377295,4371919669.0,0.066495,282556992.0
153,1/28/18,24565317.64,4301,4301,3523,682.2684,4531095514.0,0.06891599999999999,276320992.0
154,1/29/18,81947660.93,6817,6817,5399,1210.862582,4301963260.0,0.06543099999999999,256876000.0
155,1/30/18,68794702.67,5986,5986,5118,1268.4692220000002,4212181456.0,0.064065,267126000.0
156,1/31/18,57333031.44,3958,3958,3246,769.1513525,3547640970.0,0.053958000000000006,251080992.0
157,2/1/18,111853622.6,3671,3671,3174,657.0360000000001,3599941933.0,0.054752999999999996,288656000.0
158,2/2/18,96938628.52,4134,4134,3484,666.1641267000001,3027185698.0,0.046042,363928992.0
159,2/3/18,19905006.33,3462,3462,2880,417.67832430000004,2697983145.0,0.041035,241928992.0
160,2/4/18,13437330.9,2609,2609,2249,477.75325,2927438270.0,0.044525,169960992.0
161,2/5/18,14095307.27,3513,3513,3089,426.78609869999997,2484607718.0,0.03779,167296992.0
162,2/6/18,31733719.3,4287,4287,3304,426.565249,1996553468.0,0.030367,271110016.0
163,2/7/18,16157226.94,3144,3144,2391,453.3389476,2382371203.0,0.036235,204200000.0
164,2/8/18,3686663.167,985,985,790,351.475012,2147873649.0,0.032668,193436992.0
165,2/9/18,21486581.36,3645,3645,2632,735.838746,2418522051.0,0.036785000000000005,176363008.0
166,2/10/18,22227088.91,5061,5061,4021,494.9472449,3118061488.0,0.047424,470408992.0
167,2/11/18,18578948.93,3389,3389,2548,557.8303666,3192987689.0,0.048563999999999996,273583008.0
168,2/12/18,18528168.45,3854,3854,3266,417.381591,2801088466.0,0.042602999999999995,219120000.0
169,2/13/18,10172337.83,2398,2398,2035,441.7500965,3031174935.0,0.046103,178960992.0
170,2/14/18,42013987.38,2326,2326,1970,417.2871873,2846555600.0,0.043295,186660000.0
171,2/15/18,52705001.35,2263,2263,1885,459.22,3019288495.0,0.045922000000000004,178912992.0
172,2/16/18,37769838.21,2949,2949,2105,696.5212565,3056544409.0,0.046488999999999996,310512992.0
173,2/17/18,19285314.07,2899,2899,2423,434.55546,3429078245.0,0.05215499999999999,231988000.0
174,2/18/18,11606778.07,2164,2164,1890,488.2383047,3611862391.0,0.054935000000000005,195043008.0
175,2/19/18,9637374.477,2248,2248,2059,390.9184283,3258151679.0,0.049555,178480992.0
176,2/20/18,12028140.82,2430,2430,2203,480.990863,3388464596.0,0.051537,198212992.0
177,2/21/18,36871343.15,1952,1952,1829,395.36284789999996,3084181961.0,0.046909,179052992.0
178,2/22/18,634217292.3,2071,2071,1872,436.16240999999997,2923259134.0,0.044461,162732992.0
179,2/23/18,10780941.34,1745,1745,1570,347.3457486,2648002276.0,0.040275,159880992.0
180,2/24/18,14631526.12,1863,1863,1692,372.7225748,2817718305.0,0.042856,194792992.0
181,2/25/18,7482593.227999999,1623,1623,1517,294.8815437,2683927153.0,0.040820999999999996,182260000.0
182,2/26/18,98880089.23,2003,2003,1792,369.896369,2623262010.0,0.039899000000000004,189976000.0
183,2/27/18,13683966.55,2014,2014,1820,326.21462080000003,2747761320.0,0.041792,219795008.0
184,2/28/18,11010021.9,2285,2285,1939,435.9582426,2809847162.0,0.042736,298758016.0
185,3/1/18,58227978.46,3213,3213,2366,802.5008462000001,2860955133.0,0.043514,318231008.0
186,3/2/18,329903432.0,21036,21036,11953,1739.431923,3201906736.0,0.0487,824566016.0
187,3/3/18,157522797.8,11167,11167,7816,1055.507418,3453416750.0,0.052525,399204992.0
188,3/4/18,44841490.42,4212,4212,2704,810.7696229,3207788563.0,0.048789,314648992.0
189,3/5/18,42447491.9,5694,5694,3810,672.9005505,3139825069.0,0.047755,284713984.0
190,3/6/18,36786823.64,3851,3851,2490,790.3311355000001,3073347492.0,0.046744,262251008.0
191,3/7/18,30961718.09,4680,4680,2842,947.850108,2889253539.0,0.043944,290193984.0
192,3/8/18,31402771.71,7252,7252,4299,411.67442189999997,2530523379.0,0.038488,236262000.0
193,3/9/18,29873799.65,4478,4478,2732,788.7528219999999,2390775664.0,0.036363,295228992.0
194,3/10/18,11191740.32,3216,3216,2211,407.015938,2428783117.0,0.036941,253447008.0
195,3/11/18,14437752.58,2897,2897,2037,477.7458744,2284797732.0,0.034751,266342000.0
196,3/12/18,41592900.22,3557,3557,2347,578.415,2535309034.0,0.038561,228564992.0
197,3/13/18,23874565.35,3414,3414,2288,559.9030206,2364857465.0,0.035968,200526000.0
198,3/14/18,136205823.5,11422,11422,9189,713.6239867,2347314011.0,0.035701,197406000.0
199,3/15/18,36919552.82,5938,5938,3440,838.2878921,2041277354.0,0.031047,169547008.0
200,3/16/18,40537897.06,7714,7714,4212,695.634975,1975647757.0,0.030049,149356000.0
201,3/17/18,19670694.39,4031,4031,2463,668.58506,1983235471.0,0.030164,116472000.0
202,3/18/18,18748924.22,3651,3651,2345,750.1182,1859687624.0,0.028285,127381000.0
203,3/19/18,36337063.29,6054,6054,3453,726.467978,1904719250.0,0.02897,183591008.0
204,3/20/18,23699311.99,4638,4638,2841,537.8794611000001,2151835074.0,0.032728,250396992.0
205,3/21/18,159941331.7,6968,6968,4095,1137.397303,2504053652.0,0.038085,232926000.0
206,3/22/18,24513959.71,4156,4156,2946,631.9475123,2443162853.0,0.037159,227472000.0
207,3/23/18,29721535.65,4738,4738,3308,700.1695963999999,2488784479.0,0.037853,230134000.0
208,3/24/18,59987408.29,11174,11174,7408,1146.265873,2742795306.0,0.041717000000000004,706931008.0
209,3/25/18,78291160.6,7934,7934,4711,1451.779791,3249137005.0,0.049418000000000004,320430016.0
210,3/26/18,57841882.22,6581,6581,3578,1742.5189239999997,2981102230.0,0.045341,327374016.0
211,3/27/18,74806073.25,6171,6171,4350,379.13830939999997,2917451318.0,0.044373,274910016.0
212,3/28/18,25925534.96,4281,4281,2637,995.5961656999999,2817590356.0,0.042854,280836000.0
213,3/29/18,60125273.38,7470,7470,4398,1277.821569,3219448452.0,0.048966,483100992.0
214,3/30/18,45238503.53,5474,5474,3159,1152.992727,2802938355.0,0.042631,349432992.0
215,3/31/18,53481096.31,6182,6182,2950,1438.568245,2714282630.0,0.041283,358492000.0
216,4/1/18,21614793.48,4034,4034,2151,1172.4926369999998,2232452101.0,0.033955,219372992.0
217,4/2/18,27474062.17,4051,4051,2229,966.000114,2121759919.0,0.032271,241103008.0
218,4/3/18,33116653.93,4626,4626,2693,963.2181345,2346605252.0,0.035691,240608000.0
219,4/4/18,25628222.02,3319,3319,1913,806.7498400000001,2280433009.0,0.034684,157468992.0
220,4/5/18,417880887.5,58016,58016,42665,963.9270995999999,1978735387.0,0.030095999999999998,1488739968.0
221,4/6/18,189015378.4,18465,18465,13350,1274.477314,2583527293.0,0.039294,661966976.0
222,4/7/18,143290005.1,11214,11214,7587,1005.553825,2424698442.0,0.036879,245334000.0
223,4/8/18,41193128.15,4777,4777,2839,954.7200787999999,2431167924.0,0.036976999999999996,215712992.0
224,4/9/18,71896162.27,5942,5942,3121,1135.8991019999999,2475101508.0,0.037645,295115008.0
225,4/10/18,51771533.93,5338,5338,2894,774.5238796,2353230922.0,0.035792000000000004,303561984.0
226,4/11/18,32964760.81,4818,4818,2656,884.976765,2422883662.0,0.036851,301439008.0
227,4/12/18,82587648.94,6699,6699,3257,864.8297039999999,2376352019.0,0.036143,415956992.0
228,4/13/18,57571373.9,7090,7090,3740,1000.7805810000001,2591376141.0,0.039414,484566016.0
229,4/14/18,26672434.77,4092,4092,2544,653.6201933,2543440272.0,0.038685000000000004,307575008.0
230,4/15/18,26734614.83,4391,4391,2711,844.30665,2634000849.0,0.040062,306262016.0
231,4/16/18,20840441.71,4151,4151,2889,681.60718,2820469330.0,0.042898,296337984.0
232,4/17/18,31186804.59,5503,5503,3488,769.7985620000001,2713753308.0,0.041275,359111008.0
233,4/18/18,32869777.36,6990,6990,4032,911.0827101,2761826801.0,0.042006,475425984.0
234,4/19/18,77334741.79,8827,8827,5077,1094.223013,3118373501.0,0.047429,587153984.0
235,4/20/18,38023551.24,7049,7049,4201,876.4482383999999,3230479755.0,0.049134,477675008.0
236,4/21/18,53152152.45,6333,6333,3694,1062.3945410000001,3527958205.0,0.053659000000000005,715849024.0
237,4/22/18,43577886.02,5509,5509,4076,944.0109164999999,3511409398.0,0.053407,319432000.0
238,4/23/18,38191510.3,6655,6655,4284,1059.25441,3447144053.0,0.05243,472464000.0
239,4/24/18,119049091.2,13833,13833,8210,1042.521583,3836336566.0,0.058349,1561020032.0
240,4/25/18,186729013.7,12026,12026,6676,1727.067821,4712863466.0,0.071681,2124440064.0
241,4/26/18,64890427.74,7148,7148,4458,971.783938,4601243926.0,0.069983,759337024.0
242,4/27/18,78999386.07,10750,10750,6430,877.1585279999999,4924132423.0,0.074894,717529984.0
243,4/28/18,110024050.4,8237,8237,5500,917.5181171,4852676819.0,0.07380700000000001,718297984.0
244,4/29/18,61850283.16,9588,9588,6514,732.1834522,5371369780.0,0.081696,1161459968.0
245,4/30/18,108005121.2,16538,16538,11111,717.248,5894693840.0,0.089656,1749639936.0
246,5/1/18,165519399.4,81029,81029,77747,4.593505,6163583133.0,0.09374500000000001,1043369984.0
247,5/2/18,156129308.2,127036,127036,124493,4.359908,6099051155.0,0.092764,401505984.0
248,5/3/18,131889139.1,48300,48300,45552,4.931388,6004276550.0,0.091322,789150976.0
249,5/4/18,81991702.43,22262,22262,19957,5.74761,5725707281.0,0.087085,727056000.0
250,5/5/18,34431795.26,121117,121117,119428,4.051964,5668289216.0,0.086212,476743008.0
251,5/6/18,34005056.29,238357,238357,236549,4.006508,5726529028.0,0.08709800000000001,388707008.0
252,5/7/18,75223358.65,4978,4978,4179,290.34925630000004,5586367501.0,0.084966,412406016.0
253,5/8/18,29853172.78,4755,4755,3798,615.86252,5483721251.0,0.08340499999999999,372063008.0
254,5/9/18,36794239.0,5483,5483,4083,854.6837,5455726027.0,0.082979,357911008.0
255,5/10/18,41182267.32,6315,6315,4507,988.9091538999999,5326042802.0,0.08100700000000001,352612992.0
256,5/11/18,58288577.51,6434,6434,4091,1472.02,4839141444.0,0.073601,836388992.0
257,5/12/18,42293988.48,4963,4963,3237,1078.39385,4351328863.0,0.066182,615174016.0
258,5/13/18,41829401.04,5319,5319,3572,974.9512368999999,4546673151.0,0.06915299999999999,601064000.0
259,5/14/18,55603273.45,5797,5797,3936,1063.837624,5003971026.0,0.07610800000000001,463712000.0
260,5/15/18,74490292.96,4836,4836,3637,904.3550779,4788991781.0,0.072839,287628000.0
261,5/16/18,42383991.74,5144,5144,3495,998.1282374,4483441943.0,0.068191,492396000.0
262,5/17/18,76640231.14,4371,4371,3246,946.3487989,4728071193.0,0.071912,304225984.0
263,5/18/18,39692300.41,4220,4220,2994,844.7344339,4406616634.0,0.067023,263304992.0
264,5/19/18,30959369.42,4088,4088,3216,789.1946579,4568231332.0,0.069481,206880992.0
265,5/20/18,198766357.0,6230,6230,3914,1724.6249280000002,4554305946.0,0.06926900000000001,470467008.0
266,5/21/18,145463621.7,8235,8235,5743,1400.4012910000001,5108597268.0,0.0777,802233024.0
267,5/22/18,308486203.9,6731,6731,4921,1588.538519,5408001109.0,0.08225299999999999,498436000.0
268,5/23/18,93091936.54,6298,6298,4506,1501.44,4935835170.0,0.075072,608060032.0
269,5/24/18,92907886.8,7188,7188,5294,1357.682159,4608075292.0,0.070087,587902016.0
270,5/25/18,59217779.19,5658,5658,4605,1153.969625,4812814016.0,0.073201,301519008.0
271,5/26/18,37249575.35,5676,5676,4535,1282.179443,4672533824.0,0.07106699999999999,334004992.0
272,5/27/18,61202037.27,5606,5606,4457,1384.3061619999999,4798383326.0,0.07298099999999999,311443008.0
273,5/28/18,119085223.5,8796,8796,6008,1487.870178,4645131544.0,0.070651,493598016.0
274,5/29/18,68971059.48,8399,8399,6216,916.3868767999999,4017037094.0,0.061097000000000005,569742976.0
275,5/30/18,72432464.81,7556,7556,5738,1330.9909619999999,4280886990.0,0.06511,463945984.0
276,5/31/18,82071090.75,7101,7101,5236,1300.900764,4105055879.0,0.062436,371256992.0
277,6/1/18,46097642.1,5176,5176,3678,1487.599739,3985131331.0,0.060612,268287008.0
278,6/2/18,50451060.94,4673,4673,3423,1307.59837,3867119324.0,0.058816999999999994,297120992.0
279,6/3/18,29666372.05,4672,4672,3625,840.0332264,4020983215.0,0.061157,250455008.0
280,6/4/18,38647433.59,9894,9894,5626,361.316868,4077559498.0,0.062018,216791008.0
281,6/5/18,46397729.77,7943,7943,4918,399.61656,3893609599.0,0.05922,220480992.0
282,6/6/18,46923095.84,4804,4804,3318,844.9629684,3985743112.0,0.060621,188314000.0
283,6/7/18,24337141.47,4560,4560,3199,1054.097745,3907614163.0,0.05943300000000001,164796000.0
284,6/8/18,27256610.66,154034,154034,152375,0.11735999999999999,3858072388.0,0.058679999999999996,176148000.0
285,6/9/18,23016847.48,4925,4925,4145,734.7756,3795000923.0,0.05772000000000001,171568992.0
286,6/10/18,55662902.27,4954,4954,3077,1366.327567,3756699952.0,0.057138,330216000.0
287,6/11/18,34508379.03,5820,5820,4238,515.0215797000001,3146736845.0,0.04786,254203008.0
288,6/12/18,29113643.31,4788,4788,3223,523.0351712,3206674192.0,0.048772,199435008.0
289,6/13/18,38644665.83,7225,7225,5910,286.38039649999996,2893428964.0,0.044008,242384000.0
290,6/14/18,37246592.41,7296,7296,5728,91.212,2725910707.0,0.041460000000000004,283351008.0
291,6/15/18,239620145.7,4683,4683,3639,241.34813819999997,2999245601.0,0.045617000000000005,210247008.0
292,6/16/18,11403789.16,3277,3277,2741,376.90909589999995,2813940407.0,0.042799000000000004,137208000.0
293,6/17/18,12375729.97,4356,4356,3856,180.4055963,2837899051.0,0.043163,114357000.0
294,6/18/18,18902699.25,4772,4772,3927,421.9224945,2798831365.0,0.042569,173063008.0
295,6/19/18,117665141.0,10335,10335,8529,274.90812999999997,2970368188.0,0.045177999999999996,360852000.0
296,6/20/18,70920355.56,13280,13280,12035,247.80501850000002,3259843924.0,0.049581,400321984.0
297,6/21/18,36395360.97,6752,6752,6503,261.0119288,3235188274.0,0.049206,214723008.0
298,6/22/18,36531586.72,6546,6546,6578,120.61477990000002,3196044409.0,0.048611,242306000.0
299,6/23/18,41641182.1,7946,7946,8015,45.18253992,2845440335.0,0.043278,151474000.0
300,6/24/18,16112328.42,2947,2947,2945,470.60342760000003,2905789855.0,0.044196,235740000.0
301,6/25/18,2962525468.0,72430,71756,71376,95.8842029,2787147944.0,0.042391000000000005,146474000.0
302,6/26/18,672203980.4,5493,4322,3887,30.23856228,2787829571.0,0.042401999999999995,93775000.0
303,6/27/18,66358513.34,35078,33755,33332,156.7250509,2510703819.0,0.038187,99853600.0
304,6/28/18,15150038.06,4741,3743,2780,128.6860519,2569903449.0,0.039087000000000004,104241000.0
305,6/29/18,1585896033.0,3494,2783,2380,52.1348306,2404138995.0,0.036566,149928992.0
306,6/30/18,5703418895.0,2468,1516,1165,369.2149065,2451049370.0,0.037279,182466000.0
307,7/1/18,2735347.34,2166,1279,987,133.1685336,2527298334.0,0.038439,112292000.0
308,7/2/18,994089276.7,4427,3359,2066,149.13671530000002,2474943645.0,0.037643,174376992.0
309,7/3/18,51419190.99,2504,1376,1095,155.05685400000002,2598970479.0,0.039529,182019008.0
310,7/4/18,19644194.07,2799,1619,1070,165.195728,2554445633.0,0.038852,132730000.0
311,7/5/18,13086219.98,5632,2984,1578,78.22691106,2577280649.0,0.039199,118836000.0
312,7/6/18,34517687.34,3527,1828,1198,108.7152523,2488112518.0,0.037843,119639000.0
313,7/7/18,31018077.15,3337,1622,1041,133.8398771,2427855185.0,0.036927,96368304.0
314,7/8/18,933918.3523,4386,1656,1197,38.77364574,2518823736.0,0.038310000000000004,104921000.0
315,7/9/18,2085048.6730000002,6812,4958,1299,90.99521243,2439445372.0,0.037103,144390000.0
316,7/10/18,24556553.03,12211,4429,2987,104.61999770000001,2355463797.0,0.035826,132760000.0
317,7/11/18,500102748.7,12420,5282,3856,151.2057033,2204152823.0,0.033524,173036992.0
318,7/12/18,11563849.76,18173,11801,7898,98.00545893,2207143563.0,0.033569999999999996,162156992.0
319,7/13/18,546284140.2,12189,4336,2598,89.59669625,2122185721.0,0.032277999999999994,179488000.0
320,7/14/18,8006819.876,15837,4985,3316,47.89383655,2188945333.0,0.033293,170704000.0
321,7/15/18,6898641.791,18601,6617,4362,65.28968662,2197380428.0,0.033421,180511008.0
322,7/16/18,81907862.92,26519,12435,5501,116.6342622,2261985975.0,0.034404000000000004,211212000.0
323,7/17/18,46913434.74,20946,8761,5785,33.71614223,2462607910.0,0.037455,228396992.0
324,7/18/18,18118918.25,22378,9530,6253,49.62545086,2606597031.0,0.039645,284600992.0
325,7/19/18,19388466.23,50070,11873,5945,42.49912291,2594150651.0,0.039456,259096992.0
326,7/20/18,19458633.21,26808,9974,6565,1262.876848,2492064955.0,0.037903,225139008.0
327,7/21/18,11571451.48,23115,8331,5822,347.3744164,2296923184.0,0.034935,210056992.0
328,7/22/18,6930271.126,22347,9059,6252,116.3092986,2336964188.0,0.035544,189920992.0
329,7/23/18,11538319.82,26713,14743,6393,42.29247889,2307371005.0,0.035094,194284000.0
330,7/24/18,30724646.68,32417,18208,11970,2.716356863,2240683885.0,0.03408,323728992.0
331,7/25/18,12414282.35,42044,19537,15478,3.360798636,2485199483.0,0.037799,221752992.0
332,7/26/18,12068823.32,30154,18994,15346,3.197573093,2438853678.0,0.037094,190784992.0
333,7/27/18,14395095.16,28926,17801,14989,21.70298981,2362796361.0,0.035937000000000004,218420992.0
334,7/28/18,7717569.069,28499,18073,15053,25.51395743,2400187513.0,0.036506,183664000.0
335,7/29/18,16711717.44,30330,19561,16098,0.413903775,2418741532.0,0.036788,310647008.0
336,7/30/18,63997434.57,30951,22067,16479,17.554104000000002,2570495225.0,0.039096,254606000.0
337,7/31/18,28886951.85,31986,22091,17368,179.8440982,2399674579.0,0.036498,211254000.0
338,8/1/18,13619031.92,37960,25349,22556,38.34502027,2233286633.0,0.033967000000000004,140270000.0
339,8/2/18,13625583.29,38245,25116,25202,0.47526164,2148423796.0,0.032677,148160000.0
340,8/3/18,10216506.91,39618,25800,27386,51.76981471,2072892916.0,0.031528,154910000.0
341,8/4/18,7278328.478999999,53898,29605,29457,0.18201704,2011722784.0,0.030597000000000003,128197000.0
342,8/5/18,29779545.24,51793,28786,29364,4.876476955,1902218094.0,0.028932,124479000.0
343,8/6/18,10177099.0,128653,31281,30546,42.17821179999999,1997341383.0,0.030379000000000003,118348000.0
344,8/7/18,5895030.925,216122,30107,31191,1.453047404,1920706478.0,0.029213,116330000.0
345,8/8/18,11901058.37,128271,33490,32310,29.33243362,1829828220.0,0.027831,147343000.0
346,8/9/18,7413535.771000001,186162,33279,32970,62.64956521,1612826047.0,0.02453,142877000.0
347,8/10/18,6925727.591,228121,31620,33126,38.64701358,1700509160.0,0.025863999999999998,134155000.0
348,8/11/18,6589709.869,308965,30624,33049,89.60214151,1566081972.0,0.023819,119307000.0
349,8/12/18,4305091.721,242421,31272,33671,53.07463651,1487998083.0,0.022632,101854000.0
350,8/13/18,7152518.796,304430,32787,34366,120.73226869999999,1488223879.0,0.022635,124043000.0
351,8/14/18,8737707.353,174280,33412,35519,143.42118200000002,1278451907.0,0.019445,108349000.0
352,8/15/18,7658481.767999999,196455,35025,36676,48.13499917,1259668071.0,0.019159,136496000.0
353,8/16/18,10180660.65,193029,33780,36633,42.39024892,1278136743.0,0.01944,103582000.0
354,8/17/18,70069898.86,373825,57701,39692,44.45635411,1283167706.0,0.019516,152305000.0
355,8/18/18,58838549.16,308721,63332,42767,3.5058492689999996,1538761687.0,0.023403999999999998,141608000.0
356,8/19/18,84247820.42,416755,87014,44082,884.2748952,1418193138.0,0.02157,97137100.0
357,8/20/18,42013073.91,335435,64453,48621,10.04509707,1461996238.0,0.022236000000000002,99473200.0
358,8/21/18,4341132.27,206854,46388,48857,20.64406111,1354016611.0,0.020594,98379000.0
359,8/22/18,295345562.6,228139,48566,54560,189.85319140000001,1380578849.0,0.020998,96828800.0
360,8/23/18,7127700.948,174721,35940,32957,67.87512904,1294495874.0,0.019688999999999998,82585900.0
361,8/24/18,9025882.004,144647,26977,14230,9.670745475,1367823714.0,0.020804,90424900.0
362,8/25/18,6661835.79,147527,27849,13708,26.22488693,1418753257.0,0.021578999999999997,88818800.0
363,8/26/18,5682361.146000001,137101,26086,14254,51.18832806,1475196861.0,0.022437000000000002,97504300.0
364,8/27/18,36957815.74,301241,63472,75964,60.33143141,1498004976.0,0.022784,107457000.0
365,8/28/18,19612678.06,320419,68277,81282,26.20911959,1609525763.0,0.024480000000000002,166567000.0
366,8/29/18,11545695.88,345569,71899,85085,26.83690086,1759917765.0,0.026768,143515000.0
367,8/30/18,11290759.1,394857,64584,81069,35.62354226,1671303572.0,0.025419999999999998,119155000.0
368,8/31/18,15512771.95,440325,67183,82136,25.13040097,1636727034.0,0.024894,106949000.0
369,9/1/18,5502771.525,356294,69843,83474,49.25215433,1668865489.0,0.025383000000000003,109153000.0
370,9/2/18,6525011.489,238383,69644,84238,48.4549636,1747162989.0,0.026574,104754000.0
371,9/3/18,5549022.552999999,264227,68377,84179,67.28267539,1685933280.0,0.025642,91449300.0
372,9/4/18,5340650.828,275429,72630,85534,5.496770736,1647588453.0,0.025059,96674400.0
373,9/5/18,9454234.24,261960,71581,84924,2.2399703509999997,1661454781.0,0.025269999999999997,150148000.0
374,9/6/18,18143867.17,351369,71176,85102,26.84824891,1424051509.0,0.021659,142361000.0
375,9/7/18,11036229.73,313449,69049,84404,2.7713371710000003,1420107254.0,0.021599,110765000.0
376,9/8/18,5690204.812999999,331908,71234,84927,2.10439198,1353995578.0,0.020594,98754400.0
377,9/9/18,4590408.08,257357,68786,84243,10.94293488,1269642115.0,0.019311000000000002,97726800.0
378,9/10/18,25490673.3,213143,70916,84977,1.052062898,1320768510.0,0.020087999999999998,101717000.0
379,9/11/18,144165688.4,221912,72896,86509,0.591810185,1276533762.0,0.019415,106212000.0
380,9/12/18,37600726.46,204092,70098,86544,35.54947883,1228208389.0,0.018680000000000002,109120000.0
381,9/13/18,356178168.6,199151,71106,86224,50.83357924,1202443100.0,0.018289,124862000.0
382,9/14/18,11348534.37,202672,71534,86599,62.25616199,1313732892.0,0.019981,117114000.0
383,9/15/18,4545887.913,202159,70636,85692,32.92948192,1303305202.0,0.019823,94169900.0
384,9/16/18,3196049.735,193703,70621,86204,63.00703689,1310024566.0,0.019925,102132000.0
385,9/17/18,7410426.776000001,206158,71184,86356,2.020267562,1312097659.0,0.019956,109688000.0
386,9/18/18,12366634.51,195825,69612,86255,1.756834922,1214912405.0,0.018478,100841000.0
387,9/19/18,28248135.78,225675,74111,87833,1.70810269,1272626892.0,0.019356,114381000.0
388,9/20/18,159927484.5,243075,88936,102602,1.609293155,1299308115.0,0.019762000000000002,135790000.0
389,9/21/18,83952120.08,250102,85135,90502,1.57257027,1414001577.0,0.021506,283823000.0
390,9/22/18,35124053.34,218146,77868,89370,1.6062450330000002,1637559953.0,0.024907,173243000.0
391,9/23/18,11604227.82,221516,75522,89327,1.305209071,1525250337.0,0.023198,138225000.0
392,9/24/18,31436443.84,242427,75355,88877,82.89151342,1560773225.0,0.023739,116603000.0
393,9/25/18,15692744.97,253772,78394,92544,24.182329100000004,1448371958.0,0.022029,126284000.0
394,9/26/18,10175798.57,245330,76918,91434,53.84034414,1398692069.0,0.021274,110081000.0
395,9/27/18,7962202.212,199709,60640,84411,57.44100163,1387087912.0,0.021097,124196000.0
396,9/28/18,10647334.58,232292,74251,89638,41.65686765,1479759084.0,0.022507,114936000.0
397,9/29/18,5857542.427999999,339589,73892,89205,21.98493612,1442053333.0,0.021933,108096000.0
398,9/30/18,6550312.475,363219,77015,92101,47.86754103,1449660492.0,0.022049000000000003,117217000.0
399,10/1/18,7500867.016,302464,73433,88695,44.48200687,1460515305.0,0.022213999999999998,110444000.0
400,10/2/18,7006895.66,260739,75131,89616,64.09400623,1450179842.0,0.022057,111868000.0
401,10/3/18,5931026.831,227850,74995,89601,44.88376839,1450192671.0,0.022057,107097000.0
402,10/4/18,11226445.77,237294,75833,90575,1.088874855,1421383382.0,0.021619,148666000.0
403,10/5/18,11486332.78,248523,80087,92842,0.984999445,1494914815.0,0.022737,139745000.0
404,10/6/18,18914034.28,238503,77978,91765,63.86731659,1536914896.0,0.023375999999999997,162799000.0
405,10/7/18,25849628.74,260129,79097,91055,48.58041083,1563178804.0,0.023775,299132000.0
406,10/8/18,36099691.88,240571,87931,92698,65.76367385,1776008027.0,0.027012,302834000.0
407,10/9/18,14473134.37,151145,57047,53468,47.59010464,1747131275.0,0.026573000000000003,188256000.0
408,10/10/18,13546109.95,130054,37937,18987,26.01494796,1705354342.0,0.025938,165671000.0
409,10/11/18,18876954.02,84500,30963,15719,2.524107898,1663837613.0,0.025306,172387000.0
410,10/12/18,14643355.75,190872,72547,83044,0.258269264,1364912789.0,0.02076,183447000.0
411,10/13/18,7001221.362000001,244398,79148,90940,6.862713681000001,1492528881.0,0.022701,149554000.0
412,10/14/18,8510424.935,222966,77795,90478,23.66435694,1552602199.0,0.023614,146316000.0
413,10/15/18,14577410.9,219907,80235,92312,29.92807043,1545660032.0,0.023509,197544000.0
414,10/16/18,11274151.38,170507,51843,47978,47.64866423,1652408677.0,0.025131999999999998,103826000.0
415,10/17/18,7882702.632999999,222580,66333,77658,24.47870831,1605687131.0,0.024422,103220000.0
416,10/18/18,8154152.627,599796,82319,94669,9.238832139,1593602730.0,0.024238,113584000.0
417,10/19/18,4306253.93,630173,85027,91591,2.032029679,1594194463.0,0.024247,83554800.0
418,10/20/18,5619592.9629999995,593506,81143,91158,2.165168205,1583977278.0,0.024092,87168500.0
419,10/21/18,10787773.55,518079,80214,89879,5.7857749510000005,1587054155.0,0.024138,92125200.0
420,10/22/18,6443969.231000001,475449,82219,71271,26.37744437,1590361035.0,0.024189,81313000.0
421,10/23/18,9343474.974,509865,98028,75853,23.28582021,1566054271.0,0.023819,80184600.0
422,10/24/18,39656747.8,796062,97194,74129,1.8128381180000002,1538288913.0,0.023397,63083100.0
423,10/25/18,5023447.228999999,901607,91965,72624,2.145852631,1543555078.0,0.023477,81264400.0
424,10/26/18,5407052.121,754655,92989,72569,2.323398205,1517827334.0,0.023084999999999998,82337400.0
425,10/27/18,5364944.146000001,825041,80545,55926,2.243482218,1554081438.0,0.023637000000000002,68108100.0
426,10/28/18,4890103.127,653386,39384,16964,17.82558432,1539689279.0,0.023418,68048500.0
427,10/29/18,8528958.197,573170,35232,17141,2.724543733,1544468005.0,0.023490999999999998,71341500.0
428,10/30/18,8105780.629,637289,41149,20263,16.60504771,1457096518.0,0.022162,59288100.0
429,10/31/18,14146887.42,718606,43978,18554,23.40315975,1461120285.0,0.022223,61235400.0
430,11/1/18,1549056180.0,707045,40819,18646,38.42677682,1459207126.0,0.022194,59714000.0
431,11/2/18,5912160.753,700312,48546,21195,22.66744197,1484494143.0,0.022579,72574300.0
432,11/3/18,6192498.116,996897,50286,22888,38.90267606,1503297936.0,0.022864,65167000.0
433,11/4/18,13720340.97,1019575,42095,20720,42.52597276,1491956149.0,0.022692,85125200.0
434,11/5/18,9057057.417000001,1099339,41668,19047,24.46445257,1528452789.0,0.023247,77425400.0
435,11/6/18,8687061.952,1018177,39249,18070,11.94984877,1571019081.0,0.023796,117452000.0
436,11/7/18,8386543.9520000005,1184135,44614,21024,19.91829909,1601775708.0,0.024362,124654000.0
437,11/8/18,4875219.643999999,1272245,51743,26089,4.75488003,1562603423.0,0.023766,59261300.0
438,11/9/18,12189734.94,1304191,43114,19992,27.78244084,1517788566.0,0.023084999999999998,52900400.0
439,11/10/18,4624041.783,1201864,44532,18226,2.3491093,1514520908.0,0.023035,50249500.0
440,11/11/18,4964195.362,1397839,44740,20640,2.370339,1513074559.0,0.023013,46834800.0
441,11/12/18,6162774.147999999,1215994,50274,21156,3.8210757000000006,1503488832.0,0.022867,60384600.0
442,11/13/18,11144976.82,1180331,61348,20638,11.70165306,1473841920.0,0.022417,60343200.0
443,11/14/18,38815368.75,1124957,53385,20808,2.145924738,1442908058.0,0.021946,92991300.0
444,11/15/18,39307299.34,1283921,55606,23985,2.019991089,1275533425.0,0.0194,86974800.0
445,11/16/18,9981820.127,1648491,52350,20875,1.602995875,1253086628.0,0.019059,66279000.0
446,11/17/18,7739876.903,1400597,56957,19806,1.465488977,1242803845.0,0.018902000000000002,58196600.0
447,11/18/18,12998461.72,1423986,57516,20836,1.3718446969999998,1239200685.0,0.018848,82353500.0
448,11/19/18,16847418.15,1563074,63009,23011,1.60191,1239088912.0,0.018846,103267000.0
449,11/20/18,20067763.9,1125459,57794,20981,44.354816,1035628439.0,0.015750999999999998,131001000.0
450,11/21/18,9871672.642,1276697,56586,20062,1.2604548,918789068.1,0.013974,101730000.0
451,11/22/18,67248917.65,1581450,53050,22436,1.094485196,968227625.2,0.014726,58052500.0
452,11/23/18,8265188.667,1842635,48418,17982,0.96554078,909217333.8,0.013829,61201000.0
453,11/24/18,6854067.007999999,1572247,43764,18240,1.0251121859999999,899061172.7,0.013674,68651200.0
454,11/25/18,6326869.497,1649775,44249,19011,1.1202853000000002,822443128.2,0.012509000000000001,79478000.0
455,11/26/18,6958632.272000001,1662564,42970,18386,1.059004,809594475.2,0.012314,71673900.0
456,11/27/18,5264841.962,1916402,43402,19755,3.161831645,767240601.6,0.011669,55086700.0
457,11/28/18,9754218.879,1834017,49490,21469,9.99375944,778873397.8,0.011845999999999999,144929000.0
458,11/29/18,16242210.79,1914276,53820,19589,73.51719097,972033789.3,0.014697,179257157.0
459,11/30/18,11395043.12,1824117,60480,32995,10.45002556,1043661936.0,0.015778999999999998,109408268.0
460,12/1/18,5991861.7129999995,2394104,52907,21320,4.740912979,955933958.8,0.014453,87112118.0
461,12/2/18,4212663.204,1757831,53035,20537,20.78707307,1002541038.0,0.015156999999999999,62667776.0
462,12/3/18,7248513.557,1700023,50219,21255,61.3033702,989411485.9,0.014959,73121095.0
463,12/4/18,6648791.14,1668952,51128,20747,14.42121644,915121066.8,0.013835,77358762.0
464,12/5/18,18569136.16,1964813,50340,22451,16.4765687,955074803.1,0.014438999999999999,69577290.0
465,12/6/18,9458304.005,2038827,40522,20201,12.38166153,921930120.3,0.013937999999999999,82841981.0
466,12/7/18,35114679.52,1976288,39722,20288,37.94485728,850101634.7,0.012833,97661557.0
467,12/8/18,3681693.025,2147343,50381,30189,6.660222999999999,877146768.9,0.013241,69080665.0
468,12/9/18,4212906.102,2113870,46694,29224,6.730583447999999,888765511.1,0.013415999999999999,58390962.0
469,12/10/18,14045853.47,2422232,53409,31702,13.62809987,901459842.7,0.013608000000000002,58353052.0
470,12/11/18,10892660.91,2377211,49265,29276,21.41373101,880574831.5,0.013291999999999998,67716703.0
471,12/12/18,7470304.056,2332030,47729,29694,26.60473526,880484418.8,0.013290999999999999,65379207.0
472,12/13/18,6634486.193,2538945,60650,40294,15.50603392,883492211.2,0.013336,84620147.0
473,12/14/18,44853528.51,2646649,54844,31786,13.08861437,867680294.0,0.013055,57158874.0
474,12/15/18,6229990.091,2891947,54649,31608,3.3790759130000003,850015965.1,0.012789,40979880.0
475,12/16/18,7145666.806,3008623,54145,31957,1.252657302,849591614.9,0.012783,50617473.0
476,12/17/18,9716517.075,2794650,85589,64440,4.49383841,866346462.6,0.013035,76507902.0
477,12/18/18,13305766.91,2709227,64821,38038,1.5600906,944789822.9,0.014215,85124713.0
478,12/19/18,27764012.4,1820538,100841,71588,356.2969336,990552221.2,0.014903,154903029.0
479,12/20/18,29511161.8,3094912,81316,52553,19.90072512,1032127885.0,0.015529,153780391.0
480,12/21/18,43952190.66,3328052,115903,71771,20.47079698,1154156277.0,0.017322999999999998,297256276.0
481,12/22/18,26893814.3,2632542,81433,43824,10.19577099,1334622501.0,0.020031,205134523.0
482,12/23/18,23343494.68,3324896,87041,48798,12.51574685,1401577178.0,0.021036000000000003,137162934.0
483,12/24/18,38781693.57,2692692,111158,67431,14.40827493,1393059140.0,0.020908000000000003,189212251.0
484,12/25/18,29443270.34,2438741,79522,41562,5.920392795,1402985507.0,0.021057,134753602.0
485,12/26/18,76121447.46,2493878,82938,41227,5.281113016,1333371107.0,0.020011,126978263.0
486,12/27/18,28570734.59,2306949,75759,39020,2.39072026,1361715862.0,0.020437,101383039.0
487,12/28/18,26504535.85,2427631,81211,39123,23.48500814,1233486738.0,0.018512,125947733.0
488,12/29/18,22345494.36,2580525,84859,41589,10.716057000000001,1391884976.0,0.020888999999999998,97614433.0
489,12/30/18,23018175.58,2764598,81718,41359,6.404835658,1335740606.0,0.020046,71517430.0
490,12/31/18,21673558.3,2803510,83557,41368,20.242635500000002,1330896527.0,0.019972999999999998,65808388.0
491,1/1/19,19343295.76,2632025,81715,41203,25.31972995,1258899388.0,0.018892,72033016.0
492,1/2/19,31933747.86,2683628,89193,45130,3.2841209489999996,1305662619.0,0.019594,94380030.0
493,1/3/19,31046666.28,2412288,94908,50002,2.105364812,1343543977.0,0.020162,110250991.0
494,1/4/19,29510133.61,2650210,105764,52029,4.174523634,1335126043.0,0.020035,157943636.0
495,1/5/19,37215055.75,2459603,113587,54246,2.377434351,1426145972.0,0.021401,213153344.0
496,1/6/19,39995222.02,2158753,107205,53270,4.397104356,1487603730.0,0.022323,151845152.0
497,1/7/19,54227516.04,1930338,123927,58297,22.045269,1536400340.0,0.023053999999999998,150320431.0
498,1/8/19,85187262.34,2069863,151720,70971,23.23708423,1580586714.0,0.023717,320028399.0
499,1/9/19,75401194.65,1848702,145163,68796,23.11505151,1757669513.0,0.026374,313368064.0
500,1/10/19,170683884.6,1816703,158019,71803,49.61234924,1902325070.0,0.028544,972801039.0
501,1/11/19,67975393.4,2346681,131736,60293,21.75047915,1716230713.0,0.025751,377913706.0
502,1/12/19,55436694.95,2557148,138461,65267,15.10071432,1672640469.0,0.025097,228910149.0
503,1/13/19,46509204.34,2755618,129969,61363,38.38369243,1567805694.0,0.023524,170493613.0
504,1/14/19,56615552.78,2850787,116598,57947,24.46740346,1419901267.0,0.021304,447035751.0
505,1/15/19,54693676.69,3026654,116241,57230,29.51865028,1741646986.0,0.026131,269270597.0
506,1/16/19,37471760.32,3551403,135223,61030,2.570505,1631663380.0,0.024481,172007503.0
507,1/17/19,52441685.32,3316523,156160,70167,22.774325,1677254954.0,0.025165,193853594.0
508,1/18/19,49682431.54,2944263,149681,64785,13.28402643,1686050525.0,0.025296000000000003,138895643.0
509,1/19/19,36230598.06,2701918,128814,56015,2.647723212,1650983191.0,0.02477,149301842.0
510,1/20/19,40721422.22,2392643,143156,56725,9.03256,1636012034.0,0.024544999999999997,130983395.0
511,1/21/19,50207468.22,2075686,130771,58106,14.70376442,1590532682.0,0.023862,230873327.0
512,1/22/19,53746122.33,2116325,134052,60617,37.763936,1704246440.0,0.025568,247836124.0
513,1/23/19,53691835.35,2476990,129669,56236,8.653347,1755892242.0,0.026342,263548455.0
514,1/24/19,52271808.03,2315969,137252,66795,12.45077,1765855322.0,0.026491000000000004,171347507.0
515,1/25/19,88923886.42,2111216,140867,69109,3.2326886000000004,1799117758.0,0.026989999999999997,207081806.0
516,1/26/19,57013386.37,2554835,124473,61108,87.97111276,1783653306.0,0.026757999999999997,287822262.0
517,1/27/19,108954121.8,2279643,166807,73995,50.06106244,1914587264.0,0.028720999999999997,395857213.0
518,1/28/19,138406164.7,1810985,169926,75382,11.40895279,1949737545.0,0.029248000000000003,470040284.0
519,1/29/19,115336719.1,1864903,227856,76866,70.92427959,1800078208.0,0.027002999999999996,284671372.0
520,1/30/19,110905072.0,2017123,244651,81681,205.6349793,1821159075.0,0.027318000000000002,263325496.0
521,1/31/19,128596461.6,2032447,236033,78123,222.51901099999998,1820811044.0,0.027313,288020365.0
522,2/1/19,66458476.91,2081392,202698,65061,76.14901082,1688340588.0,0.025325,266911186.0
523,2/2/19,54139915.66,1966930,207039,63767,91.2676073,1748804011.0,0.026232,189382943.0
524,2/3/19,52539057.0,1939628,218703,70217,170.74947780000002,1740560663.0,0.026108,174803441.0
525,2/4/19,65237424.21,1757281,220895,64394,78.10611275,1698549122.0,0.025477,354502264.0
526,2/5/19,54761975.99,1632702,211186,65773,68.876808,1792391628.0,0.026883999999999998,235468419.0
527,2/6/19,55463855.86,1659560,211771,66627,66.721928,1745836581.0,0.026186,213275337.0
528,2/7/19,50947535.1,1640957,211718,64876,66.36737869,1703989795.0,0.025558,155638484.0
529,2/8/19,62584997.32,1587220,212230,62038,69.8859475,1714604402.0,0.025717,228499103.0
530,2/9/19,54849760.85,2035619,179588,64038,49.59284721,1787501182.0,0.026811,195675256.0
531,2/10/19,28587778.38,1501561,87064,50500,0.104922696,1751826670.0,0.026276,217842436.0
532,2/11/19,32820941.42,1722229,93563,51902,0.07749299999999999,1722171338.0,0.025831,224477577.0
533,2/12/19,24968333.49,1420993,81381,46968,25.33763883,1642628713.0,0.024638,156849554.0
534,2/13/19,37845562.51,1414895,77272,45833,35.2328341,1637453122.0,0.02456,143707398.0
535,2/14/19,29571292.52,1372371,78246,42242,2.202746,1613837992.0,0.024206000000000002,133232136.0
536,2/15/19,13217681.94,1472978,89134,44901,1.78483135,1584806769.0,0.023767,131747206.0
537,2/16/19,11710614.11,1529797,73161,43498,4.249014786,1603156713.0,0.024041999999999997,123247151.0
538,2/17/19,12719695.1,1329366,64349,38141,2.2405405,1597897397.0,0.023962999999999998,129569495.0
539,2/18/19,34454085.97,1472119,77027,46255,2.667017565,1589205343.0,0.023833,218788420.0
540,2/19/19,33083117.95,1563477,82151,47056,2.539457954,1667582105.0,0.025008000000000002,200614927.0
541,2/20/19,19822795.78,1492419,73197,42384,2.528266756,1665756884.0,0.024981,144523656.0
542,2/21/19,18761949.69,1443672,78609,45823,25.23732898,1680457920.0,0.025200999999999998,148824564.0
543,2/22/19,13198980.34,1289233,81414,43314,18.61729,1653025972.0,0.02479,127494150.0
544,2/23/19,14993854.12,1351972,78306,44245,0.050262,1675798259.0,0.025131,152106379.0
545,2/24/19,36657513.36,1388115,79630,43542,2.164525,1698054619.0,0.025465,352101654.0
546,2/25/19,15907728.39,1451409,83846,48273,7.190570937,1581315398.0,0.023714,193452748.0
547,2/26/19,16240257.77,1625199,114672,59576,2.540853488,1623340147.0,0.024344,159243421.0
548,2/27/19,37736867.36,1725652,223488,79279,141.3895044,1626017590.0,0.024385,152193562.0
549,2/28/19,31645808.86,1666161,234086,85436,84.45095961,1609187713.0,0.024132,150484768.0
550,3/1/19,29954713.39,1650496,216688,66122,75.561931,1592231068.0,0.023878,128326437.0
551,3/2/19,22535735.68,1670104,120244,48104,18.01976179,1578448874.0,0.023671,201484006.0
552,3/3/19,10665391.96,1630117,80896,48478,33.01011927,1529268705.0,0.022934,114553316.0
553,3/4/19,20138339.76,1902173,154062,128096,1.3432170559999999,1511944670.0,0.022674,230202985.0
554,3/5/19,17992448.84,2361357,131894,97920,4.657402395,1538228162.0,0.023068,233979257.0
555,3/6/19,16637609.11,2675278,70504,44984,1.198450096,1598306038.0,0.023969,161164628.0
556,3/7/19,25381226.11,3014417,76912,46459,3.6409313269999997,1562091208.0,0.023426,140664451.0
557,3/8/19,32430167.53,2820863,90698,52941,12.84207393,1547390540.0,0.023206,157215771.0
558,3/9/19,33302808.57,2667200,82295,49618,14.23578314,1503569346.0,0.022548,156377581.0
559,3/10/19,15469259.71,2565870,85741,55283,0.770403417,1530203484.0,0.022948,148100619.0
560,3/11/19,20668732.66,2648974,86338,50596,0.11445999999999999,1526517943.0,0.022892,150553430.0
561,3/12/19,16753822.6,2746564,85081,47319,2.093474,1485088091.0,0.022271,103129813.0
562,3/13/19,18997583.59,2851081,111804,62543,16.911891699999998,1493832377.0,0.022402000000000002,102721071.0
563,3/14/19,25843313.78,2952127,125742,63533,2.269331237,1492820609.0,0.022387,150611750.0
564,3/15/19,19970014.97,2847575,125624,59339,9.073025999999999,1508736948.0,0.022626,141062816.0
565,3/16/19,29373180.38,2548731,110699,56164,9.716642654,1544765070.0,0.023166,195407917.0
566,3/17/19,24033300.8,1916783,97906,52347,53.60075986,1558273580.0,0.023369,155662772.0
567,3/18/19,39784412.19,2276972,142540,66308,20.7855152,1544449269.0,0.023161,180460923.0
568,3/19/19,21935432.82,2308886,154592,56588,0.45784418299999996,1536624873.0,0.023044,164337837.0
569,3/20/19,16041983.96,2097226,123443,58017,0.0924,1540368368.0,0.0231,166565928.0
570,3/21/19,19060618.05,2450701,168629,59995,2.331585,1539362017.0,0.023084999999999998,185021970.0
571,3/22/19,14855789.8,2305026,153628,58133,9.337952,1496791346.0,0.022446999999999998,174571200.0
572,3/23/19,28780054.37,1802342,134318,60796,56.39932098,1516072404.0,0.022736000000000003,364384766.0
573,3/24/19,35234196.88,1494364,117053,58579,12.27404564,1629706211.0,0.02444,270254346.0
574,3/25/19,21681966.5,1634695,206502,68238,19.38539278,1560644184.0,0.023403999999999998,259384297.0
575,3/26/19,18076868.23,4278433,114384,61450,2.28654335,1517909244.0,0.022763,226574961.0
576,3/27/19,19731947.75,3066574,131244,68168,3.398276853,1511877284.0,0.022673,241360970.0
577,3/28/19,16664944.49,2727058,104701,56862,11.21665,1574652989.0,0.023614,214311281.0
578,3/29/19,23156471.06,2079787,104769,53834,23.97733934,1559875545.0,0.023393,273806472.0
579,3/30/19,15249432.15,1835556,117285,56597,9.650570492,1553324691.0,0.023294,227044995.0
580,3/31/19,12197752.66,1870824,115358,63424,1.53426938,1553252979.0,0.023293,190106148.0
581,4/1/19,20541106.21,1630450,124360,62134,11.384440099999999,1567516238.0,0.023507,331600220.0
582,4/2/19,36127865.89,1590339,133114,73904,37.73130053,1623114453.0,0.024340999999999998,671204433.0
583,4/3/19,46344327.12,1802033,140601,78160,28.57869909,1791748500.0,0.026869999999999998,641811998.0
584,4/4/19,25073837.86,1832369,108462,66368,6.020844202999999,1734477478.0,0.026011000000000003,432565534.0
585,4/5/19,18257684.75,1836568,113789,71577,2.512956324,1731677718.0,0.025969,453160618.0
586,4/6/19,17326590.71,1931267,105119,62984,5.529923,1816454680.0,0.027241,396057876.0
587,4/7/19,26661566.3,2196974,102767,61409,1.6401073,1789922883.0,0.026843000000000002,552496053.0
588,4/8/19,58192045.61,1965389,103545,61725,24.31125029,1927959385.0,0.028913,769629475.0
589,4/9/19,43701227.63,1886212,91226,55090,8.863882907999999,2049253877.0,0.030732,612987560.0
590,4/10/19,33478339.37,1780429,103218,64941,3.05388,1996461863.0,0.029939999999999998,451232025.0
591,4/11/19,40346535.58,1812416,108322,60279,3.0401,2007144079.0,0.0301,523780926.0
592,4/12/19,27577695.58,1902382,100792,58579,24.06018664,1778497745.0,0.026670999999999997,348382391.0
593,4/13/19,12854377.5,1859217,92479,54595,32.57300106,1770436281.0,0.02655,306242490.0
594,4/14/19,9824633.077,1970526,107344,66966,8.605659,1754857955.0,0.026317,318773007.0
595,4/15/19,28187643.29,2138074,96007,53730,16.507820000000002,1804578480.0,0.027062,347818728.0
596,4/16/19,21622527.22,1627478,94899,56784,8.275363411,1766654715.0,0.026494,288436397.0
597,4/17/19,25667809.54,1616298,92936,53636,40.726758000000004,1803305821.0,0.027043,310344059.0
598,4/18/19,22681474.61,1477786,96257,58120,25.79200346,1784859787.0,0.026767000000000003,335721876.0
599,4/19/19,34906455.43,1631452,140853,85366,53.962968000000004,1798295395.0,0.026968000000000002,338855781.0
600,4/20/19,19705009.57,1546671,84696,47788,35.49935232,1771077084.0,0.026560000000000004,335704353.0
601,4/21/19,18569147.43,1648096,89883,53397,26.25107957,1745495218.0,0.026175999999999998,369120035.0
602,4/22/19,26324158.51,1708389,111386,64531,0.141169413,1667248574.0,0.025003,386932498.0
603,4/23/19,23473092.37,1678190,109511,61283,2.503980618,1676773681.0,0.025146,454414124.0
604,4/24/19,24998623.63,1729574,92696,52577,7.4102336189999995,1631243089.0,0.024463,498834585.0
605,4/25/19,22753317.82,1934018,90411,49587,23.647375699999998,1562062245.0,0.023426,642529371.0
606,4/26/19,43530232.25,2253082,96789,54231,1.371997599,1536076596.0,0.023036,694049171.0
607,4/27/19,14914195.67,2399839,100132,52549,2.055228,1593578148.0,0.023898,570435238.0
608,4/28/19,14256523.01,2143786,87613,46733,2.808654394,1576835928.0,0.023647,585265493.0
609,4/29/19,23980765.71,2110511,99447,61576,4.080714375,1573996096.0,0.023605,662954530.0
610,4/30/19,16504761.37,2289153,117259,63088,17.7495968,1522500934.0,0.022831999999999998,681165084.0
611,5/1/19,13833882.16,2063009,116370,60575,7.778304949,1598336105.0,0.023969,649588398.0
612,5/2/19,15329043.01,2044317,89083,50909,2.219877612,1587457775.0,0.023806,669483908.0
613,5/3/19,17920556.82,2324218,91626,53941,2.0696375,1577237399.0,0.023653,751948314.0
614,5/4/19,15267486.06,2273265,86215,47441,2.235617623,1605240907.0,0.024073,709321145.0
615,5/5/19,24085134.93,2240678,104479,59697,12.68512805,1555722125.0,0.02333,661532212.0
616,5/6/19,20158469.78,1956595,96220,61005,1.199305778,1561982344.0,0.023424,735203031.0
617,5/7/19,18350891.31,1901268,91474,48589,24.62614126,1591107676.0,0.023861,714212082.0
618,5/8/19,14838395.42,1741550,89473,49784,1.239983796,1591582723.0,0.023868,794016009.0
619,5/9/19,15589566.11,1970371,97194,54326,1.140836808,1642866722.0,0.024637,679478099.0
620,5/10/19,11852954.55,1860715,86775,47298,2.1473720000000003,1556429531.0,0.023341,757106700.0
621,5/11/19,18416631.91,2409995,134615,48771,0.647783155,1574357527.0,0.02361,959045067.0
622,5/12/19,22618427.74,2170247,166166,55456,7.635325932000001,1685919577.0,0.025283,833444362.0
623,5/13/19,26936829.24,1795742,158724,48385,7.173576402999999,1583952377.0,0.023754,865064757.0
624,5/14/19,27173706.23,1788472,149250,67958,1.279304,1640518170.0,0.024602000000000002,1102232263.0
625,5/15/19,52795991.91,1808733,170866,74613,44.216265500000006,1833764657.0,0.0275,1230473116.0
626,5/16/19,86336598.99,1962647,223259,91442,93.04359413,2086185641.0,0.031286,1184973195.0
627,5/17/19,37390836.59,1469384,116429,51003,23.0992,1925368398.0,0.028874,923659536.0
628,5/18/19,26265966.9,1421632,111140,49092,24.26025339,1815088262.0,0.027219999999999998,646042341.0
629,5/19/19,23006743.58,1497954,117103,49004,13.35885,1788756110.0,0.026825,742466999.0
630,5/20/19,23781191.99,1463300,113881,48235,41.119308000000004,1950836532.0,0.029256,681144112.0
631,5/21/19,28165179.51,1521607,115535,49642,43.14956753,1900935047.0,0.028506999999999998,715128353.0
632,5/22/19,31461505.0,1616791,169202,92068,0.091847753,1924172190.0,0.028856,717015281.0
633,5/23/19,25578881.29,1579376,117280,51663,4.5798195569999995,1816114006.0,0.027235000000000002,632341441.0
634,5/24/19,26290998.59,1416469,111947,50147,31.62340784,1827672954.0,0.027408999999999996,722472480.0
635,5/25/19,30964554.41,1413204,103829,44736,54.59225572,1867961475.0,0.028013,686519146.0
636,5/26/19,43183306.45,1349700,109980,49109,14.017408999999999,1873139976.0,0.028091,1145964556.0
637,5/27/19,53182676.4,1370903,115074,50868,11.06757359,2096748171.0,0.031444,1526159935.0
638,5/28/19,63235370.3,1355596,114027,50011,44.95609778,2341577538.0,0.035116,1300778741.0
639,5/29/19,34284746.98,1235393,110077,47326,70.30287642,2312649899.0,0.034682,945010735.0
640,5/30/19,45138520.82,1484051,112289,50272,42.47274595,2247866570.0,0.033710000000000004,1085549024.0
641,5/31/19,35303855.99,1158171,111780,47036,37.49854392,2087253812.0,0.031301999999999996,855746410.0
642,6/1/19,58618353.71,1065781,103080,42695,41.21868929,2204528647.0,0.03306,1599163697.0
643,6/2/19,79147014.77,1160683,120661,48745,53.933036,2499963992.0,0.037491000000000003,1371641994.0
644,6/3/19,80534763.04,1133316,116636,49061,10.985832,2561370964.0,0.038412,1452970554.0
645,6/4/19,78392803.09,1154987,105417,46083,10.27425048,2268597184.0,0.034020999999999996,1432646151.0
646,6/5/19,49693660.88,1145678,107524,45744,48.90990076,2337929913.0,0.035061,1058786144.0
647,6/6/19,33838528.8,1179800,136577,66980,40.94764,2279206305.0,0.03418,874644103.0
648,6/7/19,28581354.75,1923810,103321,44086,12.96350113,2188967888.0,0.032826999999999995,755133750.0
649,6/8/19,29180995.59,1769128,99663,43987,14.31352774,2257737038.0,0.033858,686969778.0
650,6/9/19,35262186.85,1370793,105398,44868,73.05454499999999,2169903675.0,0.032541,717761804.0
651,6/10/19,30490974.76,1932491,114341,47016,174.0237861,2007790176.0,0.03011,816346517.0
652,6/11/19,26627707.51,1376885,111061,46561,6.119451000000001,2114278188.0,0.031707,659133707.0
653,6/12/19,34001941.13,1262223,113629,46404,34.4498,2088355403.0,0.031318,768394833.0
654,6/13/19,28833718.25,1275785,113414,46204,25.39404,2239829320.0,0.033589999999999995,711198894.0
655,6/14/19,36447629.45,1402606,134201,56877,27.89007288,2176245740.0,0.032636,777742705.0
656,6/15/19,23239974.59,1371308,126043,46845,22.14618439,2170745740.0,0.032554,658268516.0
657,6/16/19,27587575.53,1226086,127896,48318,16.96289966,2193696669.0,0.032898000000000004,757904533.0
658,6/17/19,32829406.94,1161571,127174,51186,32.50202488,2200554850.0,0.033001,655296486.0
659,6/18/19,31418925.0,1211481,131121,54038,29.69667377,2261685713.0,0.033917,557315112.0
660,6/19/19,26376596.34,1463137,119227,45837,56.38496326,2208533463.0,0.03312,517681766.0
661,6/20/19,32307464.69,1177246,122685,47834,87.86414168,2221865680.0,0.033319999999999995,575073619.0
662,6/21/19,31155406.52,1423877,126644,46701,50.02044075,2182471608.0,0.03273,572181170.0
663,6/22/19,56986945.7,1389377,187399,61065,66.78538464,2225041764.0,0.033368,964802346.0
664,6/23/19,57372389.32,1454136,231107,60426,14.75187167,2488654820.0,0.037321,815907332.0
665,6/24/19,68865447.49,1143388,211917,50419,37.4854117,2494722227.0,0.037412,918280358.0
666,6/25/19,219857530.1,1172590,189427,60379,68.01343339,2559619131.0,0.038385,1026593885.0
667,6/26/19,84975250.89,1230867,209418,63458,87.77311453,2570222416.0,0.038544,1266096120.0
668,6/27/19,82974472.67,1121616,93980,40796,67.11359607,2434621389.0,0.036511,1123269112.0
669,6/28/19,221988908.1,1130220,113054,48116,43.14205745,2152455145.0,0.032279,1060684355.0
670,6/29/19,26984963.38,1126819,113775,43906,58.14976438,2264771489.0,0.033964,971687751.0
671,6/30/19,35899124.52,1125445,121153,45186,9.93241588,2353502473.0,0.035294,956413298.0
672,7/1/19,73844460.26,1115982,114488,43365,98.45157334,2125929421.0,0.031882,912290262.0
673,7/2/19,31206642.24,1056180,113071,41781,33.33401785,2172948208.0,0.032587,909205913.0
674,7/3/19,22058908.39,1121902,116438,44367,33.71215654,2130253749.0,0.031945999999999995,813805576.0
675,7/4/19,30963718.98,985693,107527,43690,63.61477853,2200397415.0,0.032998,659688354.0
676,7/5/19,17009067.1,859267,94203,41342,36.764041799999994,2094241492.0,0.031406,787943843.0
677,7/6/19,15995626.01,941546,97964,40382,31.98608329,2123506429.0,0.031845,603802953.0
678,7/7/19,24450700.2,903521,144451,56358,26.56129795,2137009872.0,0.032048,761416388.0
679,7/8/19,83529734.93,1205302,221081,78243,10.18670081,2327339462.0,0.034901999999999996,856758104.0
680,7/9/19,33683930.64,985524,199010,56761,41.60138983,2300756537.0,0.034503,757844450.0
681,7/10/19,28493612.92,986745,184102,57104,89.77251321,2291987644.0,0.034372,770045698.0
682,7/11/19,27143539.46,1139981,170535,57483,76.72788790000001,2140268426.0,0.032097,688476105.0
683,7/12/19,26625388.92,964602,159871,59547,2.708921793,1862236499.0,0.027926999999999997,549684166.0
