,Date,Market Cap (USD),Price (USD),Number of Coins
275,2016-07-01,209037080.43772992,0.0020489384214011303,102022139003.46678
276,2016-07-02,207529570.85745022,0.00203416212289372,102022139003.46681
277,2016-07-03,200264005.7011115,0.00196294654922209,102022139003.46678
278,2016-07-04,196060368.5797832,0.0019217433636940398,102022139003.46681
279,2016-07-05,188945787.5770208,0.0018520077056079,102022139003.4668
280,2016-07-06,189312912.63401955,0.0018556061898250002,102022139003.4668
281,2016-07-07,181887017.78410146,0.00178281909750903,102022139003.46678
282,2016-07-08,190623161.15762317,0.00186844897607122,102022139003.46678
283,2016-07-09,181160364.50869513,0.0017756965917225,102022139003.4668
284,2016-07-10,186686119.97069952,0.0018298589089997,102022139003.46681
285,2016-07-11,183087414.3525253,0.00179458513750926,102022139003.4668
286,2016-07-12,200901489.7079149,0.0019691950361978602,102022139003.46678
287,2016-07-13,218945027.0298913,0.0021460540738363803,102022139003.46677
288,2016-07-14,208458121.7576969,0.0020432635876279103,102022139003.46678
289,2016-07-15,202277888.1581764,0.0019826862104048103,102022139003.46681
290,2016-07-16,201143924.2254186,0.0019715713294208,102022139003.46674
291,2016-07-17,196114514.8217137,0.00192227409400865,102022139003.4668
292,2016-07-18,203552952.84474728,0.0019951841319248396,102022139003.46683
293,2016-07-19,195109060.08306816,0.0019124188336850899,102022139003.46684
294,2016-07-20,191487211.183469,0.00187691821651536,102022139003.46677
295,2016-07-21,191219223.8266714,0.00187429145962303,102022139003.46677
296,2016-07-22,188643646.50333664,0.00184904618101495,102022139003.46678
297,2016-07-23,220504878.25658846,0.00216134341438475,102022139003.46677
298,2016-07-24,232985440.9473142,0.0022836753201126,102022139003.4668
299,2016-07-25,222107418.81432697,0.0021770511869661897,102022139003.4668
300,2016-07-26,197182510.91467258,0.00193274237180983,102022139003.4668
301,2016-07-27,195376088.74928162,0.00191503619368971,102022139003.46683
302,2016-07-28,198398827.8943652,0.00194466446040328,102022139003.4668
303,2016-07-29,205260354.35428149,0.00201038599252738,102099972401.93463
304,2016-07-30,197614416.66202605,0.001935499217219,102099972401.93466
305,2016-07-31,195422515.56527948,0.0019140310322118801,102099972401.93466
306,2016-08-01,192684710.70722076,0.0018872160900169801,102099972401.9347
307,2016-08-02,173001487.9480039,0.0016944322694520699,102099972401.93468
308,2016-08-03,184504631.9003977,0.0018070977646699302,102099972401.93466
309,2016-08-04,194836142.04624063,0.0019082879011880001,102099972401.93466
310,2016-08-05,196552711.4032192,0.0019251005341064601,102099972401.93463
311,2016-08-06,198979081.74850276,0.0019488651864193103,102099972401.93463
312,2016-08-07,194581675.56869948,0.00190579557458345,102099972401.93466
313,2016-08-08,188648610.41356164,0.00184768522434965,102099972401.93463
314,2016-08-09,190854162.2702321,0.00186928710929422,102099972401.93468
315,2016-08-10,192092298.93553826,0.0018814138184027399,102099972401.93466
316,2016-08-11,193450846.43161076,0.00189471986995312,102099972401.93465
317,2016-08-12,191617871.63505277,0.00187676712468359,102099972401.93465
318,2016-08-13,209130193.09924626,0.0020482884390601802,102099972401.93468
319,2016-08-14,205441488.49308044,0.0020121600785975103,102099972401.93465
320,2016-08-15,207999602.07369336,0.0020372150665708896,102099972401.9347
321,2016-08-16,205714549.1781619,0.00201483452285697,102099972401.9347
322,2016-08-17,205735285.83289883,0.00201388529959838,102158392970.0106
323,2016-08-18,201588324.58375776,0.00197329185320031,102158392970.0106
324,2016-08-19,200808164.8918286,0.0019656550876909103,102158392970.01057
325,2016-08-20,197816231.21285716,0.0019363678838500101,102158392970.01059
326,2016-08-21,196142783.5281525,0.0019199869714643198,102158392970.01059
327,2016-08-22,196378664.9081234,0.0019222959484667301,102158392970.01057
328,2016-08-23,192023596.39155197,0.0018796653981031398,102158392970.01059
329,2016-08-24,192136937.73795405,0.00188077486491352,102158392970.01065
330,2016-08-25,193075790.45004573,0.0018899650321117,102158392970.01059
331,2016-08-26,193969046.18390793,0.00189870886321449,102158392970.01057
332,2016-08-27,191615297.1397308,0.0018756686706689,102158392970.01056
333,2016-08-28,184091928.80724218,0.0018020245175673802,102158392970.01059
334,2016-08-29,186026586.58981198,0.0018209623427066,102158392970.0106
335,2016-08-30,190301328.57975316,0.00186280659911729,102158392970.01064
336,2016-08-31,194095384.90008572,0.0018999455576505,102158392970.0106
337,2016-09-01,194742861.5492096,0.0019062835258810101,102158392970.01059
338,2016-09-02,194022049.0395792,0.0018992276933774397,102158392970.01056
339,2016-09-03,195039844.9546486,0.00190919061355932,102158392970.01057
340,2016-09-04,199759558.20953968,0.00195539056950691,102158392970.01057
341,2016-09-05,196161999.8886617,0.0019201750750547399,102158392970.0106
342,2016-09-06,194399531.96880126,0.0019029227684295,102158392970.01056
343,2016-09-07,198068573.2190348,0.00193883798932878,102158392970.01064
344,2016-09-08,200869017.3852991,0.00196625075576772,102158392970.01062
345,2016-09-09,206056560.5825357,0.0020170301684661897,102158392970.0106
346,2016-09-10,206904582.2458193,0.0020253312158753103,102158392970.01059
347,2016-09-11,200466406.80095217,0.00196230971311188,102158392970.01057
348,2016-09-12,199346468.8507333,0.0019513469530521399,102158392970.01059
349,2016-09-13,200076563.18267715,0.00195849364272411,102158392970.01059
350,2016-09-14,199865788.47618586,0.0019564304279420103,102158392970.01059
351,2016-09-15,238625005.1641582,0.00233405246284646,102236350280.29597
352,2016-09-16,213649837.33773014,0.0020897639318302897,102236350280.29602
353,2016-09-17,222530748.9621323,0.00217663040936058,102236350280.29599
354,2016-09-18,214564844.82962307,0.00209871385511476,102236350280.29604
355,2016-09-19,218447050.17012984,0.00213668670263781,102236350280.29602
356,2016-09-20,209887671.51781723,0.00205296522168856,102236350280.29602
357,2016-09-21,213200563.48575342,0.0020853694688947,102236350280.296
358,2016-09-22,218210334.4759296,0.00213437132563588,102236350280.296
359,2016-09-23,212496750.09389228,0.00207848528934475,102236350280.296
360,2016-09-24,229465888.56095862,0.00224446479096568,102236350280.296
361,2016-09-25,254461326.21220553,0.00248895158634441,102236350280.296
362,2016-09-26,246401666.8928017,0.00241011798853593,102236350280.29597
363,2016-09-27,264476089.21537453,0.0025869085554235303,102236350280.29599
364,2016-09-28,324878597.7875569,0.00317772100526725,102236350280.296
365,2016-09-29,316462319.979729,0.00309539923043126,102236350280.296
366,2016-09-30,289179205.72852015,0.0028285360826720896,102236350280.29604
367,2016-10-01,280171796.5266616,0.00274043229984765,102236350280.29604
368,2016-10-02,292499558.78769624,0.00286101330872792,102236350280.29599
369,2016-10-03,282409833.42092377,0.00276232311351741,102236350280.29599
370,2016-10-04,264784462.08677903,0.0025899248296797897,102236350280.29604
371,2016-10-05,254238695.25661594,0.00248677397578829,102236350280.296
372,2016-10-06,235254316.05306074,0.0023010828869387103,102236350280.296
373,2016-10-07,244092617.14532718,0.00238616909785283,102294769203.47826
374,2016-10-08,236537139.37469333,0.00231230923356588,102294769203.47823
375,2016-10-09,241906936.42274907,0.0023648026023849102,102294769203.47823
376,2016-10-10,251711209.43224433,0.0024606459488808897,102294769203.47824
377,2016-10-11,272501428.48447675,0.00266388428857427,102294769203.47823
378,2016-10-12,268748878.997815,0.0026272005997025802,102294769203.47823
379,2016-10-13,258636863.55835202,0.00252834886448483,102294769203.47826
380,2016-10-14,253634139.93997103,0.00247944388471573,102294769203.47821
381,2016-10-15,248373843.0630187,0.00242802095353448,102294769203.47821
382,2016-10-16,247282302.24539092,0.00241735040971169,102294769203.47826
383,2016-10-17,234003387.37052274,0.00228754010779435,102294769203.47823
384,2016-10-18,243633685.99271324,0.0023816827379325,102294769203.47826
385,2016-10-19,241321855.8353756,0.00235908304710433,102294769203.47823
386,2016-10-20,274188878.9182207,0.00268038024869895,102294769203.47824
387,2016-10-21,252086068.76854828,0.00246337198056183,102333740400.4466
388,2016-10-22,244726006.37498614,0.0023914498328443602,102333740400.44658
389,2016-10-23,248034086.32613313,0.0024237762184352897,102333740400.44662
390,2016-10-24,251348636.64392623,0.00245616583211327,102333740400.44658
391,2016-10-25,240002486.34018824,0.00234529184021833,102333740400.44658
392,2016-10-26,235798060.33785918,0.00230420640753624,102333740400.44656
393,2016-10-27,222264153.21716782,0.00217195376957215,102333740400.44661
394,2016-10-28,213662566.7484395,0.0020878995130281302,102333740400.44656
395,2016-10-29,198580303.54209813,0.0019405164197558399,102333740400.44658
396,2016-10-30,217228229.48207298,0.00212274298420079,102333740400.44661
397,2016-10-31,211389163.792556,0.00206568393733445,102333740400.44658
398,2016-11-01,203258851.0745563,0.00198623494342311,102333740400.44661
399,2016-11-02,206384306.83905932,0.00201677673494048,102333740400.44656
400,2016-11-03,205435448.1997224,0.00200750453756331,102333740400.44662
401,2016-11-04,205262290.56932607,0.00200581245018608,102333740400.44662
402,2016-11-05,206625631.94190863,0.00201913495132058,102333740400.4466
403,2016-11-06,202299725.05616128,0.00197686241375067,102333740400.4466
404,2016-11-07,207276467.78511152,0.00202549488540152,102333740400.44662
405,2016-11-08,204772890.4623408,0.00200103005774083,102333740400.44662
406,2016-11-09,199566516.54177055,0.00195015364200349,102333740400.44656
407,2016-11-10,198623987.8023892,0.0019398341110608102,102392254404.56374
408,2016-11-11,194109858.6233386,0.00189574748355855,102392254404.56377
409,2016-11-12,192138343.4050472,0.00187649294883074,102392254404.56378
410,2016-11-13,192553965.50813553,0.00188055206546515,102392254404.56378
411,2016-11-14,191325256.54012275,0.0018685520467610199,102392254404.5638
412,2016-11-15,188687128.45638567,0.00184278712831989,102392254404.56377
413,2016-11-16,178222424.4513133,0.00174058502264376,102392254404.56378
414,2016-11-17,181463596.23871,0.0017722394852419802,102392254404.56378
415,2016-11-18,184223527.05453032,0.00179919397346836,102392254404.5638
416,2016-11-19,180671521.24758017,0.0017645037927744602,102392254404.56375
417,2016-11-20,179180451.71606192,0.00174994146537783,102392254404.56378
418,2016-11-21,177726631.2464565,0.00173574292586857,102392254404.56378
419,2016-11-22,174517753.55598462,0.00170440385916736,102392254404.56378
420,2016-11-23,176081659.9265299,0.0017196775376271199,102392254404.56381
421,2016-11-24,171237182.75198945,0.0016723646114423,102392254404.5638
422,2016-11-25,172716184.86009946,0.0016868090839926,102392254404.56377
423,2016-11-26,168573786.3298487,0.00164635291321738,102392254404.5638
424,2016-11-27,167859159.46287504,0.00163937360730084,102392254404.56378
425,2016-11-28,165821156.95484877,0.0016194697335178301,102392254404.56378
426,2016-11-29,168657146.40073705,0.00164716703799052,102392254404.56375
427,2016-11-30,165017668.40371624,0.00161162257207183,102392254404.56377
428,2016-12-01,159742879.3882643,0.00156010706392987,102392254404.56378
429,2016-12-02,153821491.57481655,0.00150227663673709,102392254404.56377
430,2016-12-03,162759446.3440773,0.00158956795404656,102392254404.56377
431,2016-12-04,156012268.34476632,0.00152367255953115,102392254404.56375
432,2016-12-05,155019938.92217538,0.00151398110944675,102392254404.5638
433,2016-12-06,267225065.97949007,0.00260981719304326,102392254404.5638
434,2016-12-07,280996434.5271235,0.00274431338738645,102392254404.56375
435,2016-12-08,245200287.427221,0.00239471519455374,102392254404.5638
436,2016-12-09,260041873.92857373,0.00253966352670699,102392254404.56377
437,2016-12-10,226746760.79450348,0.0022144913412942397,102392254404.56378
438,2016-12-11,241286344.0666998,0.00235649020006288,102392254404.56378
439,2016-12-12,234113779.5718988,0.0022846964203026,102470410287.98532
440,2016-12-13,219837968.28979483,0.00214537999479027,102470410287.98535
441,2016-12-14,217228938.5461207,0.00211991869590075,102470410287.98535
442,2016-12-15,289193977.79765165,0.00282221938006195,102470410287.98534
443,2016-12-16,318602552.5106007,0.0031092151540644,102470410287.98537
444,2016-12-17,281628081.98152995,0.00274838444766675,102470410287.98538
445,2016-12-18,296994263.01118827,0.0028983416986084897,102470410287.98534
446,2016-12-19,291876838.5698862,0.00284840118966625,102470410287.98534
447,2016-12-20,295142684.36330116,0.0028802723004018897,102470410287.9854
448,2016-12-21,286910976.2349853,0.0027999397624020803,102470410287.98532
449,2016-12-22,281354427.50318,0.0027457138769373,102470410287.98534
450,2016-12-23,259464067.5608008,0.0025320877200705697,102470410287.9854
451,2016-12-24,275052120.5774822,0.00268421020082255,102470410287.98535
452,2016-12-25,267331858.0188477,0.00260886881654452,102470410287.98534
453,2016-12-26,278825677.2686967,0.0027210360189354,102470410287.98535
454,2016-12-27,258161996.5722194,0.0025193809202742,102470410287.98535
455,2016-12-28,256745442.2322018,0.00250555688720908,102470410287.98534
456,2016-12-29,260747705.26419303,0.00254461463100793,102470410287.98534
457,2016-12-30,260917796.94290465,0.00254627454120282,102470410287.98537
458,2016-12-31,252485979.99522334,0.00246398915829097,102470410287.98534
459,2017-01-01,252763467.2044042,0.00246669713231392,102470410287.98532
460,2017-01-02,252100561.12290817,0.00246022788836698,102470410287.98532
461,2017-01-03,258620668.46488336,0.0025238570601801,102470410287.98534
462,2017-01-04,274176025.9844238,0.0026756604683622603,102470410287.98534
463,2017-01-05,263912991.21813,0.00257550438684126,102470410287.98532
464,2017-01-06,251370075.35596278,0.00245309914002985,102470410287.98537
465,2017-01-07,242816273.44170803,0.0023696233162265198,102470410287.9854
466,2017-01-08,241659426.0109008,0.00235833374075243,102470410287.98535
467,2017-01-09,241265852.6675403,0.00235449289204055,102470410287.98534
468,2017-01-10,239476590.81685397,0.0023370316381463,102470410287.9854
469,2017-01-11,216677879.19605768,0.00211454095467268,102470410287.9853
470,2017-01-12,255560265.53512692,0.0024939908488401104,102470410287.98534
471,2017-01-13,245409263.53016445,0.0023949280854879,102470410287.98538
472,2017-01-14,253921489.55856463,0.00247799817376487,102470410287.98535
473,2017-01-15,251840304.3947919,0.0024576880651401103,102470410287.98532
474,2017-01-16,244214040.1347009,0.00238326400224568,102470410287.98535
475,2017-01-17,258759096.88890326,0.00252520797137125,102470410287.98538
476,2017-01-18,254670236.95108533,0.00248530513574947,102470410287.98535
477,2017-01-19,242456128.27776048,0.0023661086902683,102470410287.9854
478,2017-01-20,240353092.3956229,0.00234558534234545,102470410287.98538
479,2017-01-21,237521831.19721276,0.00231795530563092,102470410287.98532
480,2017-01-22,240591135.55128914,0.0023479083852121396,102470410287.98537
481,2017-01-23,239730055.8967357,0.00233950518225693,102470410287.98541
482,2017-01-24,229668039.35340217,0.0022413108204401397,102470410287.98535
483,2017-01-25,219941520.72092253,0.00214639055413942,102470410287.98532
484,2017-01-26,223442793.63292348,0.00218055917805886,102470410287.98535
485,2017-01-27,224871544.43276146,0.00219450223533581,102470410287.98537
486,2017-01-28,225075806.341812,0.0021964956098961,102470410287.98537
487,2017-01-29,226947887.85835478,0.0022147650938503603,102470410287.98534
488,2017-01-30,250749834.58996955,0.00244704626326035,102470410287.98537
489,2017-01-31,241805368.05389363,0.0023597579767107198,102470410287.98535
490,2017-02-01,240300359.74799764,0.0023450707289319104,102470410287.9853
491,2017-02-02,247353339.0043769,0.0024139001523387,102470410287.98534
492,2017-02-03,242854486.0888245,0.0023699962301927,102470410287.98534
493,2017-02-04,242491503.20490143,0.00236645391116711,102470410287.98535
494,2017-02-05,236263966.89179462,0.00230567991508761,102470410287.98535
495,2017-02-06,240116169.19544056,0.00234327322902887,102470410287.98535
496,2017-02-07,236526543.6440642,0.0023042840814326802,102646433896.72885
497,2017-02-08,226794612.17312142,0.00220947385664948,102646433896.72885
498,2017-02-09,218484878.03692314,0.0021285189338066802,102646433896.72884
499,2017-02-10,220983267.73130277,0.00215285869505833,102646433896.72884
500,2017-02-11,218927006.44775647,0.0021328262282157397,102646433896.72887
501,2017-02-12,217543392.30402356,0.00211934681065385,102646433896.72887
502,2017-02-13,215008056.39278322,0.0020946471127199604,102646433896.72879
503,2017-02-14,216486034.69646153,0.00210904584288106,102646433896.72887
504,2017-02-15,230063329.64022085,0.00224131828945645,102646433896.72884
505,2017-02-16,221302558.2126214,0.00215596928028957,102646433896.72884
506,2017-02-17,216940435.23503724,0.00211347269456334,102646433896.72884
507,2017-02-18,208675321.2032591,0.00203295246879404,102646433896.72884
508,2017-02-19,210832454.24600598,0.0020539676464369104,102646433896.72882
509,2017-02-20,211617765.64825886,0.00206161829120303,102646433896.72884
510,2017-02-21,208453137.0194305,0.0020307879105586103,102646433896.72885
511,2017-02-22,208957160.43210885,0.00203569819719541,102646433896.7289
512,2017-02-23,201925930.0458775,0.00196719868757479,102646433896.72888
513,2017-02-24,194570478.3137325,0.0018955405553541897,102646433896.72884
514,2017-02-25,194889747.34449723,0.00189865093161028,102646433896.72884
515,2017-02-26,194828493.47968638,0.0018980541854547101,102646433896.72882
516,2017-02-27,183195267.43908006,0.00178472120739616,102646433896.72885
517,2017-02-28,189509889.27400053,0.0018462393877673698,102646433896.72888
518,2017-03-01,177693970.8966799,0.0017311265881429,102646433896.72884
519,2017-03-02,184621055.29831266,0.0017986114888711802,102646433896.72885
520,2017-03-03,183630797.01965725,0.00178896421481535,102646433896.72885
521,2017-03-04,179632218.61005855,0.00175000934558315,102646433896.72887
522,2017-03-05,178814472.34448865,0.0017420427145515,102646433896.72885
523,2017-03-06,188777432.30028287,0.00183910366033962,102646433896.72885
524,2017-03-07,207276065.28397277,0.00201932066624458,102646433896.72885
525,2017-03-08,186267714.98247862,0.0018146535433455,102646433896.72884
526,2017-03-09,182072163.64389044,0.00177377972845185,102646433896.72884
527,2017-03-10,172638868.35295397,0.00168187887098585,102646433896.72884
528,2017-03-11,181087702.24537358,0.0017641889286437698,102646433896.72884
529,2017-03-12,189109182.65910783,0.00184233563193601,102646433896.72885
530,2017-03-13,200457508.10572097,0.00195289305722397,102646433896.72887
531,2017-03-14,195330403.8236317,0.0019029438861962898,102646433896.72882
532,2017-03-15,197712809.67748424,0.0019261537120364102,102646433896.72884
533,2017-03-16,201608817.00087503,0.00196410931531933,102646433896.72888
534,2017-03-17,191636592.92186263,0.0018669581167784699,102646433896.72887
535,2017-03-18,187707662.75178996,0.0018286817732084102,102646433896.72884
536,2017-03-19,190681330.15601256,0.00185765177529552,102646433896.72884
537,2017-03-20,198389202.90061074,0.00193274325633375,102646433896.72885
538,2017-03-21,221730027.58440253,0.00215766366169062,102763943946.04938
539,2017-03-22,197253568.63277394,0.0019194822722679,102763943946.04936
540,2017-03-23,219969396.96761197,0.00214053089557457,102763943946.04936
541,2017-03-24,212988992.97143927,0.00207260430840663,102763943946.04933
542,2017-03-25,204146201.8888916,0.00198655475889547,102763943946.04932
543,2017-03-26,204733800.9632941,0.00199227270871171,102763943946.04935
544,2017-03-27,189611623.14140245,0.00184511819866458,102763943946.04935
545,2017-03-28,210426923.48980013,0.00204767270902208,102763943946.04938
546,2017-03-29,200141078.89043236,0.0019475807487060398,102763943946.04938
547,2017-03-30,235471797.25143322,0.0022913853654259802,102763943946.04935
548,2017-03-31,239141777.09105247,0.00232709808429113,102763943946.04933
549,2017-04-01,274647616.6596928,0.0026726068124037898,102763943946.04941
550,2017-04-02,440155733.968663,0.0042831728431884895,102763943946.04941
551,2017-04-03,311922754.081263,0.00303475450820178,102783521117.8549
552,2017-04-04,304113835.9751905,0.00295878009108565,102783521117.85489
553,2017-04-05,320823903.1700857,0.00312135544376047,102783521117.85493
554,2017-04-06,290688816.15510523,0.0028281655755088603,102783521117.85492
555,2017-04-07,278551745.28749925,0.00271008175491578,102783521117.85486
556,2017-04-08,301499406.6598945,0.00293334382185823,102783521117.85487
557,2017-04-09,287527521.85108244,0.0027974087550609802,102783521117.8549
558,2017-04-10,293044813.02974236,0.0028505437154830397,102803128904.15868
559,2017-04-11,290247379.5513049,0.00282279378170115,102822735912.50012
560,2017-04-12,314164031.52447414,0.0030553945947501397,102822735912.50018
561,2017-04-13,315816698.96133864,0.0030714675714337302,102822735912.50015
562,2017-04-14,322045070.8016556,0.00313204144923462,102822735912.50015
563,2017-04-15,348143415.6523075,0.00338586026293416,102822735912.50017
564,2017-04-16,384650823.10744965,0.0037409121600769204,102822735912.50015
565,2017-04-17,363004012.027,0.0035303866290419296,102822735912.50017
566,2017-04-18,375884323.23091215,0.00365495739361745,102842326941.29579
567,2017-04-19,361395129.45281017,0.0035140699379458897,102842326941.29578
568,2017-04-20,348409004.58255154,0.00338779775744893,102842326941.29578
569,2017-04-21,356462294.15273935,0.00346610490791612,102842326941.29573
570,2017-04-22,360520902.36631775,0.00350556928347323,102842326941.29573
571,2017-04-23,366903622.6003603,0.00356763244777411,102842326941.29575
572,2017-04-24,396408463.3698281,0.0038545263916101896,102842326941.29575
573,2017-04-25,393673991.6601271,0.00382793742001621,102842326941.29572
574,2017-04-26,399643882.3349188,0.0038852453874968296,102861941132.73236
575,2017-04-27,413875441.9928514,0.00402360131876949,102861941132.73232
576,2017-04-28,475051552.63593614,0.004618341316570461,102861941132.73232
577,2017-04-29,526787629.6152697,0.0051213074905470295,102861941132.73233
578,2017-04-30,511796311.7739664,0.0049755653659456795,102861941132.73235
579,2017-05-01,529249476.84413093,0.00514524099988733,102861941132.73225
580,2017-05-02,508874630.7141328,0.0049462181107947,102881559065.0071
581,2017-05-03,539345769.1213338,0.0052423949833472205,102881559065.00706
582,2017-05-04,682778109.5466771,0.006636545127735229,102881559065.00711
583,2017-05-05,1094138195.0332723,0.0106349301563551,102881559065.0071
584,2017-05-06,2184536703.6819143,0.0212335108792586,102881559065.0071
585,2017-05-07,4392392132.410678,0.0426936777818004,102881559065.00706
586,2017-05-08,4119191604.64712,0.0400381918983591,102881559065.00708
587,2017-05-09,2889038069.8257365,0.0280758495585994,102901180738.83354
588,2017-05-10,3272301742.544158,0.0318004294902054,102901180738.83353
589,2017-05-11,3792621787.5960436,0.0368569316733288,102901180738.8335
590,2017-05-12,4126428709.028336,0.0401008878557122,102901180738.83354
591,2017-05-13,3879338069.136845,0.0376996458279981,102901180738.83357
592,2017-05-14,3993844431.780276,0.0388124256991451,102901180738.8335
593,2017-05-15,4441600900.293466,0.04316375058480999,102901180738.83356
594,2017-05-16,5156987979.707621,0.0501159261990999,102901180738.83351
595,2017-05-17,4969951911.425841,0.0482890884467485,102920806154.92522
596,2017-05-18,4724555649.62017,0.0459047672295567,102920806154.92525
597,2017-05-19,5106963133.895065,0.0496203180356713,102920806154.9252
598,2017-05-20,5507892489.958217,0.0535158312078052,102920806154.92522
599,2017-05-21,6437858691.194543,0.062551576612252,102920806154.92523
600,2017-05-22,5260043722.115868,0.0511076809308897,102920806154.92523
601,2017-05-23,5680315102.937298,0.0551911252462092,102920806154.92525
602,2017-05-24,5244213282.856152,0.0509538690841783,102920806154.92522
603,2017-05-25,4180944439.0165286,0.0406151812576227,102940435313.99591
604,2017-05-26,4243946153.3932347,0.0412272023180013,102940435313.9959
605,2017-05-27,3406440399.9958677,0.0330913735657452,102940435313.9959
606,2017-05-28,3772617162.3812504,0.0366485448684354,102940435313.9959
607,2017-05-29,3886586818.06729,0.0377556866377353,102940435313.9959
608,2017-05-30,3196063375.656451,0.0310476963295094,102940435313.99594
609,2017-05-31,3526889825.4370327,0.0342614621230139,102940435313.9959
610,2017-06-01,4368303615.58239,0.0424352549341558,102940435313.99588
611,2017-06-02,4178627853.4966607,0.0405926771219757,102940435313.9959
612,2017-06-03,4011678950.3923774,0.0389708761008799,102940435313.99593
613,2017-06-04,4107325699.9587183,0.0398924143223338,102960068216.75941
614,2017-06-05,4246951697.846187,0.0412485322844307,102960068216.7594
615,2017-06-06,4558647331.494174,0.0442758771477983,102960068216.75946
616,2017-06-07,4946184879.34224,0.048039836851400994,102960068216.75945
617,2017-06-08,5176659558.54826,0.0502783229285548,102960068216.75938
618,2017-06-09,4834505646.289308,0.0469551519343532,102960068216.7594
619,2017-06-10,4376036720.087401,0.042502270986016,102960068216.7594
620,2017-06-11,4718845788.976556,0.0458230657702089,102979704863.92978
621,2017-06-12,4132381681.654903,0.0401281173520078,102979704863.92978
622,2017-06-13,4268217748.7090425,0.0414471740266567,102979704863.92976
623,2017-06-14,4021175249.0766864,0.0390482304682266,102979704863.9298
624,2017-06-15,3750820909.666402,0.0364229137636632,102979704863.92976
625,2017-06-16,3818028497.059337,0.0370755432063455,102979704863.92981
626,2017-06-17,4150925031.2569757,0.0403081853530433,102979704863.92976
627,2017-06-18,3936648127.9015245,0.0382274170731324,102979704863.92976
628,2017-06-19,4308388749.115862,0.0418292828794039,102999345256.22113
629,2017-06-20,4279771331.810563,0.0415514421102795,102999345256.22112
630,2017-06-21,3967880884.2002096,0.0385233602634047,102999345256.2211
631,2017-06-22,4067378158.8640165,0.0394893593619067,102999345256.22113
632,2017-06-23,4123626141.7058945,0.0400354597541175,102999345256.22113
633,2017-06-24,3803557376.2174907,0.0369279762580603,102999345256.22116
634,2017-06-25,3325672132.6109285,0.0322882842054771,102999345256.22116
635,2017-06-26,3067715393.2185473,0.0297781546028917,103018989394.34775
636,2017-06-27,2985572706.1923428,0.0289807997898701,103018989394.34773
637,2017-06-28,3300556002.665466,0.0320383263519624,103018989394.34772
638,2017-06-29,3009472106.155452,0.0292127900287922,103018989394.34776
639,2017-06-30,2764726983.9590416,0.026831944375121004,103038637279.024
640,2017-07-01,2509436105.7335224,0.0243543215632606,103038637279.02403
641,2017-07-02,2651971996.4915705,0.0257376462511839,103038637279.02403
642,2017-07-03,2694355725.1273737,0.0261489844613451,103038637279.02403
643,2017-07-04,2664807062.854856,0.0258622118190352,103038637279.02402
644,2017-07-05,2626180527.818688,0.0254873375383169,103038637279.02402
645,2017-07-06,2629765896.449834,0.0255221338897228,103038637279.024
646,2017-07-07,2100216549.9595785,0.0203789192713458,103058288910.96455
647,2017-07-08,2220701295.144491,0.0215480124753772,103058288910.96451
648,2017-07-09,2022125156.369469,0.0196211792155452,103058288910.96451
649,2017-07-10,1500729147.2532084,0.0145619451197151,103058288910.96451
650,2017-07-11,1490892850.5793731,0.0144637425671985,103077944290.88391
651,2017-07-12,1822908571.8282266,0.0176847586975931,103077944290.88393
652,2017-07-13,1779860825.5866637,0.0172671354462011,103077944290.8839
653,2017-07-14,1689917028.3660734,0.0163945550136037,103077944290.8839
654,2017-07-15,1795893217.739551,0.01742267203808,103077944290.8839
655,2017-07-16,1592299872.0885723,0.0154475322829017,103077944290.88391
656,2017-07-17,1928706902.345491,0.018711150242798,103077944290.8839
657,2017-07-18,1937818933.4422662,0.018795964883465,103097603419.49696
658,2017-07-19,1766639569.463669,0.0171356026800675,103097603419.49701
659,2017-07-20,1926200884.5517573,0.0186832750778326,103097603419.497
660,2017-07-21,1960783559.5763688,0.0190187113428629,103097603419.49702
661,2017-07-22,2371717953.418132,0.023004588610733998,103097603419.49702
662,2017-07-23,2279170658.6177726,0.0221069218199378,103097603419.49702
663,2017-07-24,2339873503.3179708,0.0226957118857282,103097603419.49702
664,2017-07-25,1913754104.9049284,0.0185590073672364,103117266297.51877
665,2017-07-26,1949141506.6485121,0.0189021836655828,103117266297.51883
666,2017-07-27,1883343538.9432957,0.018264094914128004,103117266297.51878
667,2017-07-28,1744737876.8011882,0.0169199392055952,103117266297.51877
668,2017-07-29,1784504403.8147902,0.0173055829337645,103117266297.51878
669,2017-07-30,1651231197.2730358,0.0160131397637019,103117266297.51878
670,2017-07-31,1673405814.4411764,0.0162281824812247,103117266297.51878
671,2017-08-01,1843433551.639421,0.0178736510709318,103136932925.6643
672,2017-08-02,1913702313.4961762,0.0185549662881237,103136932925.66429
673,2017-08-03,1944242943.2194674,0.0188510835843914,103136932925.6643
674,2017-08-04,2299256143.303144,0.0222932375249158,103136932925.66434
675,2017-08-05,2477765515.4947977,0.0240240372212798,103136932925.6643
676,2017-08-06,2365772332.767154,0.0229381683714822,103136932925.6643
677,2017-08-07,2300985386.7966647,0.0223100040065676,103136932925.66432
678,2017-08-08,2441751778.24979,0.0236703390769726,103156603304.64883
679,2017-08-09,2379355116.9247355,0.0230654659100966,103156603304.64882
680,2017-08-10,2284625331.455829,0.0221471554730115,103156603304.64882
681,2017-08-11,2218837036.783911,0.0215094038161677,103156603304.64883
682,2017-08-12,2092322895.9205575,0.0202829758725321,103156603304.64883
683,2017-08-13,1872018284.8615692,0.0181473432130467,103156603304.64879
684,2017-08-14,1831495052.6608078,0.0177545110442607,103156603304.64885
685,2017-08-15,1788690258.9907343,0.0173362550331818,103176277435.1877
686,2017-08-16,1814358060.0391774,0.0175850312217254,103176277435.1877
687,2017-08-17,1782996798.8376896,0.0172810731610056,103176277435.1877
688,2017-08-18,1739413472.3174863,0.016858657004853998,103176277435.18768
689,2017-08-19,1699108629.169452,0.0164680164026734,103176277435.18767
690,2017-08-20,1828157956.0088496,0.0177187818891532,103176277435.1877
691,2017-08-21,2049142121.408797,0.0198605936591966,103176277435.18765
692,2017-08-22,2227366650.3291736,0.0215838561062358,103195955317.99641
693,2017-08-23,2108887284.796825,0.0204357552415531,103195955317.99643
694,2017-08-24,1951429967.3484216,0.0189099462409658,103195955317.99644
695,2017-08-25,2100892091.6207566,0.0203582794029756,103195955317.9964
696,2017-08-26,2192385618.7614365,0.0212448793366527,103195955317.99637
697,2017-08-27,2032835103.7001717,0.0196987866184874,103195955317.99643
698,2017-08-28,2122835923.8766706,0.0205709217704821,103195955317.99641
699,2017-08-29,2077207570.191657,0.0201249309842618,103215636953.79057
700,2017-08-30,2198756827.4985147,0.0213025554304615,103215636953.7906
701,2017-08-31,2324980777.1100597,0.0225254704202518,103215636953.79063
702,2017-09-01,2481697117.4164653,0.0240438095492015,103215636953.79059
703,2017-09-02,2158375881.7114215,0.0209113264754421,103215636953.7906
704,2017-09-03,2219413739.95072,0.0215026889864018,103215636953.7906
705,2017-09-04,1886639681.8236222,0.0182786226729218,103215636953.79062
706,2017-09-05,1958927514.970054,0.0189753610538075,103235322343.28609
707,2017-09-06,2120381138.530847,0.0205392988601323,103235322343.28612
708,2017-09-07,2098414900.6546662,0.0203265205457184,103235322343.28607
709,2017-09-08,1905269874.6498916,0.0184556005774297,103235322343.28607
710,2017-09-09,1851356988.9099913,0.0179333676389726,103235322343.28607
711,2017-09-10,1735788184.1200125,0.0168138980410991,103235322343.2861
712,2017-09-11,1795149742.4911985,0.0173889101302152,103235322343.28606
713,2017-09-12,1694776461.3565025,0.0164135031989863,103255011487.19867
714,2017-09-13,1598017524.2116897,0.0154764161196167,103255011487.19872
715,2017-09-14,1185313868.4292877,0.0114794802824291,103255011487.1987
716,2017-09-15,1255823695.2971523,0.0121623510298369,103255011487.19872
717,2017-09-16,1233290331.157243,0.0119441208072515,103255011487.19873
718,2017-09-17,1176182435.3846107,0.011391044545382001,103255011487.1987
719,2017-09-18,1397501232.1081846,0.0135344639643127,103255011487.1987
720,2017-09-19,1219843118.2648828,0.0118116350515292,103274704386.24457
721,2017-09-20,1264185720.683766,0.0122410006225314,103274704386.24455
722,2017-09-21,1090617561.4556117,0.0105603551996308,103274704386.24457
723,2017-09-22,1118679019.7217665,0.0108320718647418,103274704386.24458
724,2017-09-23,1227940636.0033123,0.011890042613056998,103274704386.24457
725,2017-09-24,1197583046.926069,0.0115960927125692,103274704386.24457
726,2017-09-25,1243522268.4043944,0.0120409182073633,103274704386.24455
727,2017-09-26,1278116966.4326975,0.0123735357729956,103294401041.13983
728,2017-09-27,1497804761.5683558,0.0145003480001962,103294401041.1398
729,2017-09-28,1430363240.3860226,0.0138474421262808,103294401041.1398
730,2017-09-29,1361814831.4094975,0.0131838203976527,103294401041.13983
731,2017-09-30,1425806255.576457,0.0138033256517804,103294401041.1398
732,2017-10-01,1412576338.4881234,0.0136752459402473,103294401041.1398
733,2017-10-02,1326938966.2778409,0.0128461848164389,103294401041.13983
734,2017-10-03,1285694611.636853,0.0124445220309709,103314101452.60077
735,2017-10-04,1218943381.9496162,0.0117984221399714,103314101452.60075
736,2017-10-05,1494015533.1422443,0.0144609062280591,103314101452.60078
737,2017-10-06,1898953509.78657,0.0183803903154284,103314101452.60075
738,2017-10-07,2154065944.19528,0.0208496798976037,103314101452.6008
739,2017-10-08,1913149889.8565245,0.0185178002127256,103314101452.60077
740,2017-10-09,1798133464.1855597,0.0174045308327104,103314101452.60074
741,2017-10-10,1905969868.7223043,0.0184447853948836,103333805621.34387
742,2017-10-11,2009536663.4382102,0.0194470401177515,103333805621.3439
743,2017-10-12,1836283954.1436288,0.0177704086586388,103333805621.34392
744,2017-10-13,1851434196.7238371,0.0179170232393088,103333805621.34392
745,2017-10-14,1829396444.8017392,0.0177037556470665,103333805621.34392
746,2017-10-15,1938976258.0927749,0.0187642006063142,103333805621.3439
747,2017-10-16,3767570714.290936,0.0364601951088186,103333805621.34393
748,2017-10-17,4729761203.219502,0.0457629454563144,103353513548.08582
749,2017-10-18,3614489273.6043515,0.0349720986691245,103353513548.08578
750,2017-10-19,3230054976.399972,0.0312524931713828,103353513548.08582
751,2017-10-20,2714748684.8630757,0.0262666317928323,103353513548.08586
752,2017-10-21,3843856095.044678,0.0371913441845042,103353513548.08585
753,2017-10-22,3222166711.5326104,0.0311761700296089,103353513548.08582
754,2017-10-23,3590842397.3901124,0.0347433026136983,103353513548.08582
755,2017-10-24,3801930106.694599,0.0367786735695359,103373225233.54326
756,2017-10-25,3631138526.2539816,0.0351264896500078,103373225233.54323
757,2017-10-26,3573657439.9965324,0.0345704357382953,103373225233.54323
758,2017-10-27,3537079387.6642323,0.0342165911886098,103373225233.54326
759,2017-10-28,3213445456.478276,0.0310858585404333,103373225233.54326
760,2017-10-29,3097832656.6480207,0.0299674567534226,103373225233.54324
761,2017-10-30,3280038376.1386275,0.0317300574566411,103373225233.54321
762,2017-10-31,3021156473.375191,0.0292201426282228,103392940678.433
763,2017-11-01,2837949369.686889,0.0274481927979331,103392940678.433
764,2017-11-02,2834397140.934908,0.0274138362090918,103392940678.43303
765,2017-11-03,2871451236.655489,0.0277722175016389,103392940678.43298
766,2017-11-04,2813976970.257061,0.0272163355814488,103392940678.433
767,2017-11-05,2758614448.885853,0.0266808781217041,103392940678.433
768,2017-11-06,2975405640.9874125,0.0287776478883733,103392940678.43298
769,2017-11-07,3191739300.9294877,0.030864106043941002,103412659883.47214
770,2017-11-08,3529075447.066528,0.034126145203529,103412659883.4721
771,2017-11-09,4161219496.4816256,0.0402389755874241,103412659883.4721
772,2017-11-10,3431079054.3207126,0.0331785204846963,103412659883.47217
773,2017-11-11,3413032135.128663,0.0330040068495922,103412659883.47215
774,2017-11-12,2922442062.509703,0.0282600028449397,103412659883.47209
775,2017-11-13,3152861583.555615,0.030488158675237003,103412659883.47215
776,2017-11-14,3750370040.370315,0.0362591476388178,103432382849.37778
777,2017-11-15,3839210499.503615,0.0371180707022328,103432382849.37775
778,2017-11-16,3861689252.375526,0.0373353987019623,103432382849.37776
779,2017-11-17,3680521727.7165437,0.0355838435345366,103432382849.37772
780,2017-11-18,3759683906.9704323,0.0363491955168956,103432382849.37779
781,2017-11-19,3769122198.589584,0.0364404463549711,103432382849.37778
782,2017-11-20,3964465457.328968,0.0383290546743197,103432382849.37778
783,2017-11-21,3898012015.1973715,0.0376793864440344,103452109576.8672
784,2017-11-22,4362245351.234786,0.0421668090585774,103452109576.86722
785,2017-11-23,4264203825.366479,0.041219109429548,103452109576.86719
786,2017-11-24,4161662874.6791334,0.0402279169724125,103452109576.86719
787,2017-11-25,4533901345.51825,0.043826088844998,103452109576.8672
788,2017-11-26,5032654799.382386,0.0486471935658597,103452109576.86719
789,2017-11-27,6153883618.12256,0.0594853371602837,103452109576.86719
790,2017-11-28,8119191688.447373,0.07846764572097,103471840066.6578
791,2017-11-29,6858363714.603487,0.0662824176141571,103471840066.65784
792,2017-11-30,7468182490.485122,0.0721759899666811,103471840066.65775
793,2017-12-01,9227061048.731285,0.0891746106263028,103471840066.65778
794,2017-12-02,9742814832.670317,0.0941590951353903,103471840066.65776
795,2017-12-03,9335666091.690649,0.0902242202871477,103471840066.6578
796,2017-12-04,9961675851.936047,0.0962742698449995,103471840066.65784
797,2017-12-05,12726981729.950138,0.12297601822795098,103491574319.46716
798,2017-12-06,14888423800.88544,0.143861216710517,103491574319.46716
799,2017-12-07,14049076637.419855,0.13575092204174902,103491574319.46712
800,2017-12-08,14319749545.555298,0.138366332135907,103491574319.46718
801,2017-12-09,13985048091.84776,0.135132238385682,103491574319.46715
802,2017-12-10,12013122910.690445,0.116078270039716,103491574319.46715
803,2017-12-11,14828347758.064308,0.14328072459590602,103491574319.46712
804,2017-12-12,16488318954.539888,0.159290019442671,103511312336.01292
805,2017-12-13,15512475051.987535,0.149862606336511,103511312336.0129
806,2017-12-14,19081769236.756866,0.184344771659494,103511312336.01292
807,2017-12-15,20544681704.767292,0.198477646946222,103511312336.01295
808,2017-12-16,24603153329.61824,0.237685647823233,103511312336.01291
809,2017-12-17,27581190582.493343,0.266455810095043,103511312336.01294
810,2017-12-18,28560666172.212875,0.275918308131393,103511312336.01292
811,2017-12-19,27235133511.627014,0.26306245738448003,103531054117.01294
812,2017-12-20,26009353258.008007,0.251222722301385,103531054117.01295
813,2017-12-21,26320988585.514893,0.25423278850968106,103531054117.01292
814,2017-12-22,23241198318.699783,0.224485286244957,103531054117.01294
815,2017-12-23,24932395494.751797,0.24082045437857397,103531054117.01299
816,2017-12-24,23187146755.972137,0.223963205568887,103531054117.01295
817,2017-12-25,23577575657.805607,0.22773433400144602,103531054117.01294
818,2017-12-26,23040117559.13413,0.22250062417746302,103550799663.18517
819,2017-12-27,23319447730.237892,0.22519814241983604,103550799663.18521
820,2017-12-28,22967974526.450485,0.22180393199431897,103550799663.18523
821,2017-12-29,33180418768.20216,0.320426485127363,103550799663.18521
822,2017-12-30,33706676487.05602,0.32550860637186896,103550799663.18523
823,2017-12-31,36818550621.065315,0.355560273226506,103550799663.1852
824,2018-01-01,50498923314.131485,0.487672943892147,103550799663.18523
825,2018-01-02,57558554161.28673,0.555742484043824,103570548975.24777
826,2018-01-03,91165900732.78445,0.880229965321243,103570548975.24779
827,2018-01-04,76806369987.6107,0.7415850427322399,103570548975.24782
828,2018-01-05,66706334006.746155,0.6440666257614239,103570548975.2478
829,2018-01-06,71128854926.81256,0.6867671903893411,103570548975.24777
830,2018-01-07,70953054813.70515,0.68506979557154,103570548975.24776
831,2018-01-08,64434440770.107,0.622130918563598,103570548975.24776
832,2018-01-09,59040234912.668076,0.5699397891700091,103590302053.91885
833,2018-01-10,57940508584.63179,0.5593236764043189,103590302053.9189
834,2018-01-11,56024990816.434456,0.540832391696989,103590302053.91887
835,2018-01-12,69771963713.51355,0.673537602749697,103590302053.9189
836,2018-01-13,68493029342.2996,0.661191520675834,103590302053.91888
837,2018-01-14,64845990049.59736,0.625985143047898,103590302053.91885
838,2018-01-15,61522385077.89605,0.593901010597243,103590302053.91884
839,2018-01-16,45002774754.88119,0.434347545331984,103610058899.9169
840,2018-01-17,49165578947.8268,0.47452515199628204,103610058899.91689
841,2018-01-18,51543999255.70671,0.49748064814340204,103610058899.91689
842,2018-01-19,51694495214.58603,0.498933170808452,103610058899.91693
843,2018-01-20,55006564246.149315,0.530899845344972,103610058899.91689
844,2018-01-21,47525734567.27598,0.458698074992737,103610058899.91689
845,2018-01-22,49572759417.11078,0.478455083835017,103610058899.91687
846,2018-01-23,50543527699.072685,0.487731503693913,103629819513.96034
847,2018-01-24,58751760716.24338,0.566938753650234,103629819513.96034
848,2018-01-25,62782955759.119736,0.605838706017065,103629819513.96036
849,2018-01-26,65228816992.43143,0.6294406117695129,103629819513.96037
850,2018-01-27,62888357748.437294,0.6068558069809761,103629819513.96033
851,2018-01-28,63292444246.18732,0.610755133445552,103629819513.96034
852,2018-01-29,59233246952.556885,0.571584966859634,103629819513.96036
853,2018-01-30,49569631763.48033,0.47824245790364506,103649583896.76787
854,2018-01-31,54220335566.13287,0.523111946306845,103649583896.7679
855,2018-02-01,46282619930.47491,0.446529722459582,103649583896.76785
856,2018-02-02,42244289214.14353,0.40756834350842797,103649583896.76791
857,2018-02-03,45440135837.107605,0.43840152684418604,103649583896.7679
858,2018-02-04,39787605744.99691,0.383866526513259,103649583896.76788
859,2018-02-05,32822167691.22334,0.316664731851826,103649583896.76788
860,2018-02-06,37842246538.016685,0.365028292258536,103669352049.05823
861,2018-02-07,34838598562.409836,0.33605494655665996,103669352049.05824
862,2018-02-08,36416548437.73622,0.35127593370607,103669352049.05826
863,2018-02-09,40450053077.77013,0.390183330736247,103669352049.05826
864,2018-02-10,40418243721.85957,0.38987649602297997,103669352049.05826
865,2018-02-11,37549657187.59759,0.36220596005874894,103669352049.05829
866,2018-02-12,40107032454.15984,0.3868745358337,103669352049.05824
867,2018-02-13,41394614376.389595,0.3992184791506889,103689123971.5504
868,2018-02-14,46620369327.34925,0.449616773116346,103689123971.5504
869,2018-02-15,46146821701.17238,0.445049778931818,103689123971.5504
870,2018-02-16,46692028716.92361,0.45030787153467206,103689123971.55042
871,2018-02-17,49243393494.98556,0.474913776959835,103689123971.55038
872,2018-02-18,45128096946.35704,0.435224980382118,103689123971.55045
873,2018-02-19,46091142379.53285,0.444512795692816,103689123971.5504
874,2018-02-20,40598619046.16208,0.39146706962775496,103708899664.9634
875,2018-02-21,39160747031.155235,0.37760256986301,103708899664.9634
876,2018-02-22,36283043782.01266,0.34985467880988796,103708899664.96336
877,2018-02-23,38055325930.72521,0.366943686160636,103708899664.96338
878,2018-02-24,35540295032.46782,0.342692817562258,103708899664.9634
879,2018-02-25,36283251912.0145,0.349856685677211,103708899664.96336
880,2018-02-26,36936182058.795,0.356152482362836,103708899664.96338
881,2018-02-27,37074462948.890724,0.35741767136956,103728679130.01636
882,2018-02-28,34292982436.22472,0.330602710107211,103728679130.0164
883,2018-03-01,34967709198.56439,0.337107437324396,103728679130.0164
884,2018-03-02,33007453758.93249,0.318209525425076,103728679130.01636
885,2018-03-03,35662061331.83123,0.3438013636241469,103728679130.0164
886,2018-03-04,37404598993.98193,0.360600359589058,103728679130.0164
887,2018-03-05,36422598966.28754,0.351133353589073,103728679130.01637
888,2018-03-06,34397818877.08338,0.331550155946045,103748462367.42876
889,2018-03-07,33642381518.711704,0.324268724095072,103748462367.42871
890,2018-03-08,31955557378.86293,0.30800993720457503,103748462367.4287
891,2018-03-09,31752264556.975002,0.30605045927835806,103748462367.42871
892,2018-03-10,29917182004.611977,0.28836265446189696,103748462367.42874
893,2018-03-11,31270259314.88875,0.30140455676484196,103748462367.42876
894,2018-03-12,29899761079.41571,0.28819473944129104,103748462367.42873
895,2018-03-13,29477544990.070175,0.284070948163673,103768249377.91989
896,2018-03-14,25420854917.722042,0.24497719745796498,103768249377.91992
897,2018-03-15,24801261976.65183,0.239006267575418,103768249377.9199
898,2018-03-16,24006710425.460987,0.231349286215955,103768249377.9199
899,2018-03-17,21336393806.3319,0.20561582116149602,103768249377.91992
900,2018-03-18,22751405798.372818,0.219252092376668,103768249377.9199
901,2018-03-19,25487676030.207943,0.24562114310498603,103768249377.9199
902,2018-03-20,27494631127.93714,0.26491136247457797,103788040162.20952
903,2018-03-21,25898489096.016068,0.249532499655447,103788040162.20953
904,2018-03-22,24966915125.950054,0.24055676441071105,103788040162.20953
905,2018-03-23,24141769484.567394,0.23260646840268304,103788040162.20955
906,2018-03-24,24355304057.537457,0.234663878607523,103788040162.20952
907,2018-03-25,24773530877.584072,0.23869350301697304,103788040162.2095
908,2018-03-26,23601158296.45422,0.227397667973768,103788040162.20952
909,2018-03-27,22494794843.75058,0.216696503729272,103807834721.01732
910,2018-03-28,22605373167.03768,0.21776172509319197,103807834721.01732
911,2018-03-29,19755435797.55964,0.19030775326980104,103807834721.01726
912,2018-03-30,19369369820.42837,0.18658870857371598,103807834721.01729
913,2018-03-31,21242202917.34711,0.20463005489359604,103807834721.01729
914,2018-04-01,21276716737.769714,0.20496253288541,103807834721.0173
915,2018-04-02,23142509342.4606,0.222936056846344,103807834721.01733
916,2018-04-03,24106471491.386604,0.232177800668943,103827633055.06313
917,2018-04-04,20851977493.768997,0.200832638481805,103827633055.06311
918,2018-04-05,20390873315.928722,0.196391583973746,103827633055.06316
919,2018-04-06,19911908836.020638,0.19177851069243498,103827633055.06311
920,2018-04-07,20876328214.726006,0.20106716873392103,103827633055.06308
921,2018-04-08,21384198896.219913,0.205958647683697,103827633055.0631
922,2018-04-09,20303411332.482452,0.195549207229976,103827633055.06316
923,2018-04-10,20601221474.841557,0.198379684987844,103847435165.06706
924,2018-04-11,22056179615.02187,0.21239022013363398,103847435165.06703
925,2018-04-12,25346203814.147038,0.244071543739707,103847435165.067
926,2018-04-13,25865954336.28509,0.24907648701357699,103847435165.06702
927,2018-04-14,26372054705.83954,0.25394998599552104,103847435165.06697
928,2018-04-15,30643646851.240158,0.295083328755608,103847435165.06702
929,2018-04-16,29461959432.639816,0.283704256978611,103847435165.067
930,2018-04-17,31193638653.226295,0.300322203009945,103867241051.74913
931,2018-04-18,36766359061.156204,0.353974541817649,103867241051.74915
932,2018-04-19,37926534702.99916,0.36514433539351704,103867241051.74911
933,2018-04-20,40692635780.33485,0.391775456518199,103867241051.74916
934,2018-04-21,38441341229.759415,0.370100725122823,103867241051.74916
935,2018-04-22,38017236612.447784,0.36601758386464395,103867241051.74916
936,2018-04-23,38553820026.665695,0.37118363438051905,103867241051.74915
937,2018-04-24,41458601654.8364,0.39907381496699995,103887050715.8298
938,2018-04-25,35013565611.544044,0.337034937177294,103887050715.82977
939,2018-04-26,40092791927.61511,0.385926750748599,103887050715.8298
940,2018-04-27,40542165219.665924,0.39025234560334204,103887050715.82977
941,2018-04-28,44451605113.36376,0.4278839836829679,103887050715.82976
942,2018-04-29,47506147401.69392,0.45728651525242703,103887050715.8297
943,2018-04-30,43607620733.151596,0.419759926118558,103887050715.82977
944,2018-05-01,45461222927.15684,0.437518957920008,103906864158.02936
945,2018-05-02,45442685971.25126,0.437340558195834,103906864158.02936
946,2018-05-03,45170949065.08074,0.4347253613234,103906864158.02933
947,2018-05-04,44439347742.44041,0.42768442780501703,103906864158.02933
948,2018-05-05,44398132961.476036,0.427287776618415,103906864158.02934
949,2018-05-06,42342938211.730484,0.407508575634928,103906864158.02933
950,2018-05-07,40824586251.60856,0.392895951412021,103906864158.02933
951,2018-05-08,39569356542.875404,0.380743000909918,103926681379.06842
952,2018-05-09,38617144121.2784,0.371580652906869,103926681379.06845
953,2018-05-10,36303331569.26495,0.349316759541758,103926681379.06845
954,2018-05-11,32443833228.640434,0.31218001766363396,103926681379.0684
955,2018-05-12,37015143095.43028,0.356165929713651,103926681379.0684
956,2018-05-13,38483070730.65008,0.370290576202319,103926681379.06847
957,2018-05-14,37564216602.803276,0.361449207309808,103926681379.06845
958,2018-05-15,35600202430.07793,0.34248581352018104,103946502379.6677
959,2018-05-16,34308216152.626984,0.33005647489046996,103946502379.66774
960,2018-05-17,31794966172.87996,0.305878172377055,103946502379.66771
961,2018-05-18,32871960976.25095,0.316239221365863,103946502379.66772
962,2018-05-19,32535080830.473854,0.312998322075701,103946502379.66771
963,2018-05-20,34124549119.841805,0.328289536815783,103946502379.66774
964,2018-05-21,32548300859.605476,0.313125503162404,103946502379.66771
965,2018-05-22,30468056226.54254,0.29305696429472605,103966327160.54807
966,2018-05-23,28368410056.395878,0.272861519986067,103966327160.54811
967,2018-05-24,30434239347.847584,0.29273169668531296,103966327160.54811
968,2018-05-25,29583904410.709927,0.28455275105588296,103966327160.5481
969,2018-05-26,29362576286.481457,0.28242390674375606,103966327160.54805
970,2018-05-27,28443506859.001442,0.273583838496844,103966327160.54813
971,2018-05-28,25935441830.51312,0.249460017861964,103966327160.54808
972,2018-05-29,29331294991.011314,0.282069231112891,103986155722.43047
973,2018-05-30,28529479572.91858,0.274358441032017,103986155722.43048
974,2018-05-31,30610349411.811787,0.294369468696581,103986155722.43045
975,2018-06-01,30002646715.53173,0.288525395588405,103986155722.43045
976,2018-06-02,31022397260.342663,0.298331994723899,103986155722.43047
977,2018-06-03,31500517902.251457,0.30292992065535695,103986155722.43048
978,2018-06-04,30176054134.929935,0.29019299660888204,103986155722.43044
979,2018-06-05,30505061676.54307,0.293301013179882,104005988066.036
980,2018-06-06,31044527492.201653,0.29848788583683,104005988066.03598
981,2018-06-07,30324850020.78942,0.291568308562536,104005988066.036
982,2018-06-08,29898488866.35049,0.287468918110438,104005988066.03598
983,2018-06-09,29271932807.634525,0.281444687483273,104005988066.03601
984,2018-06-10,25234112033.655323,0.24262172306496,104005988066.03601
985,2018-06-11,25977011990.18473,0.249764580609448,104005988066.03598
986,2018-06-12,23542771198.160988,0.22631660341079102,104025824192.08595
987,2018-06-13,22766956540.07704,0.218858698951881,104025824192.08595
988,2018-06-14,25004413552.52079,0.24036736787924498,104025824192.08597
989,2018-06-15,23895942493.417286,0.229711638230262,104025824192.08595
990,2018-06-16,23963613072.36009,0.23036215534433802,104025824192.0859
991,2018-06-17,23785563504.22098,0.22865056527022,104025824192.08595
992,2018-06-18,24209916440.838173,0.232729869038423,104025824192.08594
993,2018-06-19,24325706640.32796,0.233798369691252,104045664101.3017
994,2018-06-20,24012119762.19357,0.230784434599934,104045664101.30173
995,2018-06-21,23586328715.592236,0.22669208678055,104045664101.30168
996,2018-06-22,20897487824.12095,0.20084919448228603,104045664101.3017
997,2018-06-23,21050983885.886345,0.20232447039206303,104045664101.30167
998,2018-06-24,20126586208.79752,0.193439932193635,104045664101.30168
999,2018-06-25,20565708829.978523,0.197660411970221,104045664101.30168
1000,2018-06-26,19163747209.672783,0.18415080669700198,104065507794.40475
1001,2018-06-27,19884304281.536686,0.19107487872754897,104065507794.40472
1002,2018-06-28,18407165435.629406,0.176880561347908,104065507794.40474
1003,2018-06-29,19502303179.17857,0.187404103362547,104065507794.40475
1004,2018-06-30,20017834065.198544,0.192358010732494,104065507794.40472
1005,2018-07-01,20689744850.37404,0.198814624450297,104065507794.40477
1006,2018-07-02,22351993203.785267,0.214787720518739,104065507794.40477
1007,2018-07-03,21265347942.17083,0.20430681998034697,104085355272.11682
1008,2018-07-04,21855825524.287487,0.209979833062475,104085355272.11679
1009,2018-07-05,20879651667.080063,0.20060124320557002,104085355272.1168
1010,2018-07-06,21477830832.83056,0.20634824924870301,104085355272.11679
1011,2018-07-07,21508295108.392742,0.20664093476130502,104085355272.11679
1012,2018-07-08,21860949540.926228,0.21002906204983202,104085355272.11679
1013,2018-07-09,21507331915.446198,0.20663168088554104,104085355272.11676
1014,2018-07-10,19930027262.645603,0.191441215343198,104105206535.15965
1015,2018-07-11,19742046624.62682,0.18963553583613801,104105206535.15967
1016,2018-07-12,18946586061.764713,0.18199460615224697,104105206535.15968
1017,2018-07-13,21295938496.29713,0.20456170450134803,104105206535.15964
1018,2018-07-14,21736182785.97929,0.20879054477105602,104105206535.15968
1019,2018-07-15,22975447238.613567,0.22069450705958701,104105206535.1597
1020,2018-07-16,24810076058.763233,0.23831734150956302,104105206535.15965
1021,2018-07-17,26433087933.76236,0.253859037695487,104125061584.25525
1022,2018-07-18,31132399824.812664,0.29899045773549104,104125061584.25522
1023,2018-07-19,31754668682.639412,0.30496662570465194,104125061584.25528
1024,2018-07-20,27991746899.749233,0.26882814256104,104125061584.25523
1025,2018-07-21,30539908754.47594,0.293300270749553,104125061584.25523
1026,2018-07-22,29604595079.717693,0.28431767174286304,104125061584.25528
1027,2018-07-23,29649701131.80458,0.28475086286323903,104125061584.25523
1028,2018-07-24,31333137577.182034,0.300860929662077,104144920420.12566
1029,2018-07-25,35354306621.44181,0.33947221313167103,104144920420.12564
1030,2018-07-26,31764011442.368767,0.30499818247717897,104144920420.12566
1031,2018-07-27,33143071260.55373,0.318239921129643,104144920420.12564
1032,2018-07-28,32604911271.12211,0.313072506461115,104144920420.12569
1033,2018-07-29,32070546992.48809,0.307941538224946,104144920420.12567
1034,2018-07-30,30661403543.82536,0.294410936415677,104144920420.12567
1035,2018-07-31,28757771769.432384,0.276079601273924,104164783043.49313
1036,2018-08-01,28908977958.47962,0.277531206937847,104164783043.4931
1037,2018-08-02,27116742784.23311,0.260325438136906,104164783043.49313
1038,2018-08-03,26646912180.367493,0.255814982778213,104164783043.49313
1039,2018-08-04,24883828977.0983,0.238889077959374,104164783043.49309
1040,2018-08-05,25316939366.800606,0.24304701288754899,104164783043.49307
1041,2018-08-06,24241088306.37373,0.23271865594201896,104164783043.49313
1042,2018-08-07,23738322509.190243,0.22784856150449698,104184649455.07996
1043,2018-08-08,20472797297.711685,0.196504930474798,104184649455.07994
1044,2018-08-09,23202444378.437294,0.22270501940347,104184649455.07991
1045,2018-08-10,23071343206.84648,0.221446665391852,104184649455.07993
1046,2018-08-11,22848604484.693172,0.21930874273896303,104184649455.07994
1047,2018-08-12,23211321624.087044,0.22279022625204298,104184649455.07993
1048,2018-08-13,23142723366.726814,0.222131796649227,104184649455.07994
1049,2018-08-14,22548590960.04344,0.21638784032175898,104204519655.60866
1050,2018-08-15,22446699572.831684,0.215410038326716,104204519655.60861
1051,2018-08-16,22278769693.6657,0.213798497102583,104204519655.60864
1052,2018-08-17,24748136100.54631,0.23749580327549902,104204519655.60869
1053,2018-08-18,23236088754.63869,0.22298542166340699,104204519655.60872
1054,2018-08-19,23808556027.677147,0.22847911113993302,104204519655.60866
1055,2018-08-20,22182269970.889732,0.212872436283965,104204519655.60866
1056,2018-08-21,22863295250.17979,0.219366066334517,104224393645.8019
1057,2018-08-22,21707115306.612267,0.208272886483582,104224393645.80191
1058,2018-08-23,22471499142.70736,0.215606906949969,104224393645.80194
1059,2018-08-24,22787001397.48773,0.21863405101619002,104224393645.80193
1060,2018-08-25,22678960890.758526,0.21759743662151804,104224393645.8019
1061,2018-08-26,22096382741.50863,0.212007784056786,104224393645.80191
1062,2018-08-27,23386276841.29768,0.224383908826316,104224393645.80188
1063,2018-08-28,24669355378.676373,0.23664950640571103,104244271426.38245
1064,2018-08-29,23580816657.246063,0.22620731417264398,104244271426.38243
1065,2018-08-30,23053882365.419003,0.22115251082837398,104244271426.38246
1066,2018-08-31,23179182417.89167,0.22235449584643,104244271426.38242
1067,2018-09-01,23935129076.604538,0.22960618122318202,104244271426.38242
1068,2018-09-02,23458975183.44266,0.225038506792284,104244271426.38245
1069,2018-09-03,23002794132.889576,0.22066242890991103,104244271426.3824
1070,2018-09-04,24112106825.62206,0.23125979670182198,104264152998.07315
1071,2018-09-05,21578979902.792725,0.206964515437933,104264152998.07317
1072,2018-09-06,21561020049.436035,0.20679226205227497,104264152998.07317
1073,2018-09-07,21470431668.878365,0.20592342671479003,104264152998.07312
1074,2018-09-08,20154864513.847424,0.19330579047834304,104264152998.07312
1075,2018-09-09,19809929467.068787,0.18999751014555202,104264152998.07312
1076,2018-09-10,19762883019.515293,0.18954628653512898,104264152998.0731
1077,2018-09-11,20865166805.11405,0.20008015735606302,104284038361.59706
1078,2018-09-12,20558931140.65819,0.197143603792669,104284038361.59709
1079,2018-09-13,21593401174.41013,0.20706333887393802,104284038361.59709
1080,2018-09-14,21020045108.120964,0.201565315635702,104284038361.59703
1081,2018-09-15,21153731226.328163,0.202847257918601,104284038361.59708
1082,2018-09-16,21593462786.664825,0.207063929685875,104284038361.59706
1083,2018-09-17,20439985894.174126,0.19600301460612804,104284038361.59706
1084,2018-09-18,21678461092.723053,0.20783935570450102,104303927517.67744
1085,2018-09-19,21466720837.712326,0.20580932423732698,104303927517.67743
1086,2018-09-20,24324587604.545216,0.233208740873374,104303927517.67741
1087,2018-09-21,25920896788.73097,0.24851314236789301,104303927517.67744
1088,2018-09-22,25031311530.584866,0.23998436229874998,104303927517.67746
1089,2018-09-23,29420213822.012863,0.282062377919822,104303927517.67746
1090,2018-09-24,26871782030.74621,0.25762962786029303,104303927517.67741
1091,2018-09-25,26413704878.51131,0.25318958565994104,104323820467.03754
1092,2018-09-26,25462648248.824184,0.244073195698095,104323820467.03755
1093,2018-09-27,27046760366.558697,0.25925776342809903,104323820467.03755
1094,2018-09-28,26372251821.60376,0.252792235786039,104323820467.03757
1095,2018-09-29,26520227797.94608,0.254210665207813,104323820467.03758
1096,2018-09-30,27050218552.493767,0.259290912002601,104323820467.0375
1097,2018-10-01,26822478641.80539,0.257107902315371,104323820467.03754
1098,2018-10-02,25711717412.21325,0.24641366149882898,104343717210.40085
1099,2018-10-03,25052012595.50957,0.24009124138249902,104343717210.40086
1100,2018-10-04,25322894901.119644,0.24268729903553304,104343717210.40083
1101,2018-10-05,25618015306.989204,0.24551564762957898,104343717210.40082
1102,2018-10-06,25000175674.60832,0.239594451328559,104343717210.40088
1103,2018-10-07,25324759906.76051,0.24270517271006498,104343717210.40082
1104,2018-10-08,25826458075.810925,0.247513302825257,104343717210.40085
1105,2018-10-09,25567486797.90845,0.24498467329413898,104363617748.49092
1106,2018-10-10,24973699808.963203,0.23929507569532604,104363617748.4909
1107,2018-10-11,21437082531.745583,0.205407621872667,104363617748.49092
1108,2018-10-12,22130420562.850014,0.21205110593408896,104363617748.49092
1109,2018-10-13,22106476399.41913,0.21182167575576202,104363617748.49089
1110,2018-10-14,21544141296.927746,0.20643344646069697,104363617748.49092
1111,2018-10-15,22780322849.795013,0.21827839376643698,104363617748.49092
1112,2018-10-16,23638459239.898376,0.226457766210664,104383522082.03152
1113,2018-10-17,24955208788.338017,0.239072300786388,104383522082.03154
1114,2018-10-18,24908637113.23818,0.23862614152512804,104383522082.03151
1115,2018-10-19,25521257659.100056,0.24449508073739604,104383522082.03151
1116,2018-10-20,25610798046.363808,0.245352882672776,104383522082.03154
1117,2018-10-21,25153081551.38017,0.24096793296180602,104383522082.03152
1118,2018-10-22,25199283557.27003,0.24141055077128698,104383522082.03154
1119,2018-10-23,25054515951.46777,0.239977900157622,104403430211.74655
1120,2018-10-24,24615890606.540245,0.235776646003061,104403430211.74652
1121,2018-10-25,24394543183.551476,0.233656529618572,104403430211.74657
1122,2018-10-26,24242762054.732437,0.23220273515500697,104403430211.74655
1123,2018-10-27,23754741560.436733,0.22752836293078102,104403430211.74654
1124,2018-10-28,24146874868.29928,0.23128430569116,104403430211.74654
1125,2018-10-29,22963193232.567867,0.21994673150101396,104403430211.74655
1126,2018-10-30,23119087777.30241,0.221397700014905,104423342138.35997
1127,2018-10-31,23425725730.256638,0.22433418860715804,104423342138.35997
1128,2018-11-01,23374277668.926052,0.22384150124169896,104423342138.35994
1129,2018-11-02,24506599556.810047,0.234685071890718,104423342138.35995
1130,2018-11-03,24562916390.01924,0.235224384577479,104423342138.35992
1131,2018-11-04,25368024032.255573,0.242934419764531,104423342138.35994
1132,2018-11-05,25720547156.691875,0.24631032324757798,104423342138.35997
1133,2018-11-06,27732881121.719128,0.26553060187191896,104443257862.59592
1134,2018-11-07,26691909216.638306,0.255563736356767,104443257862.59596
1135,2018-11-08,26692394316.592434,0.25556838098356305,104443257862.59593
1136,2018-11-09,26609640922.917847,0.254776052255332,104443257862.59589
1137,2018-11-10,27304224567.320557,0.261426396744935,104443257862.59593
1138,2018-11-11,28427558308.361565,0.272181841988886,104443257862.59595
1139,2018-11-12,27794648554.221966,0.26612199890191296,104443257862.59593
1140,2018-11-13,26548545188.206505,0.25414261611358197,104463177385.17877
1141,2018-11-14,23633599416.563133,0.226238565666262,104463177385.17873
1142,2018-11-15,24702235863.231937,0.236468356425244,104463177385.17876
1143,2018-11-16,24562100919.952374,0.23512687948775002,104463177385.17874
1144,2018-11-17,25344149571.63387,0.24261323660666,104463177385.17876
1145,2018-11-18,25848414806.068707,0.247440442202518,104463177385.17874
1146,2018-11-19,23094908132.523655,0.221081808064938,104463177385.17873
1147,2018-11-20,19470784675.42593,0.18635343461004897,104483100706.83281
1148,2018-11-21,20970487447.77957,0.20070697850574198,104483100706.83282
1149,2018-11-22,19239309873.576782,0.18413800646632802,104483100706.83281
1150,2018-11-23,18645751985.606857,0.178457107986531,104483100706.83281
1151,2018-11-24,15364448055.020962,0.147051991672144,104483100706.83281
1152,2018-11-25,16349203398.980618,0.15647701196057098,104483100706.8328
1153,2018-11-26,14740927316.631397,0.141084320975434,104483100706.83282
1154,2018-11-27,14974337007.587389,0.143290939207933,104503027828.2827
1155,2018-11-28,16592081864.484015,0.158771302700892,104503027828.28271
1156,2018-11-29,17035239908.562332,0.163011926664501,104503027828.28273
1157,2018-11-30,16390173880.659513,0.15683922486524998,104503027828.28275
1158,2018-12-01,16998699808.47263,0.16266227076601597,104503027828.28275
1159,2018-12-02,16540709147.38195,0.158279711996109,104503027828.28271
1160,2018-12-03,15425466174.642458,0.14760783965024699,104503027828.28275
1161,2018-12-04,15184988710.210005,0.1452789788174,104522958750.25316
1162,2018-12-05,13826674172.206367,0.132283608668635,104522958750.25316
1163,2018-12-06,12401484653.138615,0.118648427115144,104522958750.25316
1164,2018-12-07,11919900468.53844,0.11404097827942099,104522958750.2532
1165,2018-12-08,12134062376.510069,0.11608992437253099,104522958750.25319
1166,2018-12-09,12641018801.386635,0.120940116435003,104522958750.25317
1167,2018-12-10,12029273138.643429,0.115087376806718,104522958750.25317
1168,2018-12-11,11538046308.67995,0.11036662488788002,104542893473.46898
1169,2018-12-12,11678501049.649643,0.11171013793121601,104542893473.469
1170,2018-12-13,10809152415.058088,0.103394425540759,104542893473.46898
1171,2018-12-14,9978960045.387981,0.0954532605118726,104542893473.469
1172,2018-12-15,9795050613.495056,0.0936940837205817,104542893473.46896
1173,2018-12-16,9932250631.514643,0.0950064638686824,104542893473.46896
1174,2018-12-17,11328413614.58977,0.10836139347400699,104542893473.46898
1175,2018-12-18,11852213993.593725,0.11335016245300399,104562831998.65515
1176,2018-12-19,11829569431.960434,0.11313359829535401,104562831998.6551
1177,2018-12-20,12996864891.26276,0.12429717752317501,104562831998.65512
1178,2018-12-21,12358507589.898506,0.11819216593193901,104562831998.6551
1179,2018-12-22,12605355615.643623,0.120552928556925,104562831998.65514
1180,2018-12-23,13049053376.528505,0.12479628876823401,104562831998.65514
1181,2018-12-24,13856532686.937122,0.13251872029551898,104562831998.65514
1182,2018-12-25,12469308016.244923,0.119229080472777,104582774326.53671
1183,2018-12-26,12481361202.860487,0.11934433068193599,104582774326.53674
1184,2018-12-27,11278817816.269526,0.107845846401568,104582774326.5367
1185,2018-12-28,12527247982.373812,0.119783091078271,104582774326.53674
1186,2018-12-29,12360157453.799086,0.11818540417762499,104582774326.53673
1187,2018-12-30,12128597258.917498,0.11597127095757302,104582774326.53668
1188,2018-12-31,11468735870.874334,0.10966180563412599,104582774326.53674
1189,2019-01-01,11918904995.908978,0.11394450300853301,104602720457.83904
1190,2019-01-02,12357839206.102974,0.11814070563378802,104602720457.839
1191,2019-01-03,11706726810.851976,0.11191608363159598,104602720457.8391
1192,2019-01-04,11901922740.686995,0.113782152974541,104602720457.83907
1193,2019-01-05,11739626963.58166,0.11223060846025901,104602720457.83905
1194,2019-01-06,12607740084.723993,0.12052975323720802,104602720457.83907
1195,2019-01-07,12873852978.450808,0.12307378739389199,104602720457.83911
1196,2019-01-08,12858331599.718164,0.12290196332575301,104622670393.28749
1197,2019-01-09,12909792161.222132,0.12339383149649,104622670393.2875
1198,2019-01-10,11192506385.863838,0.106979742954276,104622670393.2875
1199,2019-01-11,10948581655.347263,0.10464827187253399,104622670393.2875
1200,2019-01-12,11020278971.18969,0.10533356613593699,104622670393.28754
1201,2019-01-13,10671484055.978416,0.101999729273428,104622670393.2875
1202,2019-01-14,11342110147.838009,0.10840967932859899,104622670393.28754
1203,2019-01-15,10953058318.126757,0.10467109754569902,104642624133.60757
1204,2019-01-16,11101475508.812569,0.10608942198007401,104642624133.60756
1205,2019-01-17,11294273257.69215,0.10793186190812301,104642624133.60754
1206,2019-01-18,11072917866.582247,0.10581651557633301,104642624133.60757
1207,2019-01-19,11184193125.445755,0.10687989925755101,104642624133.60759
1208,2019-01-20,10785293294.833412,0.10306787873613302,104642624133.60757
1209,2019-01-21,10656573031.124249,0.10183778473978199,104642624133.60762
1210,2019-01-22,10706393443.469069,0.10229437561794401,104662581679.52493
1211,2019-01-23,10543438659.982103,0.100737422016456,104662581679.52498
1212,2019-01-24,10571995783.743961,0.101010271427426,104662581679.52498
1213,2019-01-25,10402058926.089642,0.099386607507357,104662581679.52496
1214,2019-01-26,10260717811.222208,0.0980361619842357,104662581679.52495
1215,2019-01-27,9820026783.05118,0.0938255738150998,104662581679.52495
1216,2019-01-28,9034762006.355303,0.0863227512772386,104662581679.52496
1217,2019-01-29,8582483765.038669,0.08198581651225599,104682543031.7655
1218,2019-01-30,8856535262.598604,0.0846037458214129,104682543031.76547
1219,2019-01-31,8458826970.1805525,0.0808045613451878,104682543031.76544
1220,2019-02-01,8438534291.668031,0.0806107116552126,104682543031.76547
1221,2019-02-02,8583792088.8136425,0.0819983145251728,104682543031.76549
1222,2019-02-03,8271662989.19418,0.07901664164467401,104682543031.76549
1223,2019-02-04,8121098932.045417,0.0775783497118627,104682543031.76546
1224,2019-02-05,7976263383.480605,0.0761802512784697,104702508191.05505
1225,2019-02-06,7661917077.161896,0.0731779707051609,104702508191.05505
1226,2019-02-07,7689672207.016857,0.0734430563304672,104702508191.05502
1227,2019-02-08,8374347126.602321,0.0799822971893023,104702508191.05501
1228,2019-02-09,8338071319.988725,0.0796358316915761,104702508191.05501
1229,2019-02-10,8330657289.387856,0.0795650212522756,104702508191.05505
1230,2019-02-11,7987554515.345243,0.0762880914062729,104702508191.05502
1231,2019-02-12,7976129842.270077,0.0761644496837768,104722477158.11975
1232,2019-02-13,7920518874.846436,0.0756334178658446,104722477158.11972
1233,2019-02-14,7899501932.924267,0.075432726070802,104722477158.11977
1234,2019-02-15,8249359062.745243,0.0787735287266896,104722477158.11977
1235,2019-02-16,8094335322.40375,0.0772931995313878,104722477158.11974
1236,2019-02-17,8266670316.11239,0.0789388347224694,104722477158.11972
1237,2019-02-18,8653438291.996815,0.0826321008328618,104722477158.11972
1238,2019-02-19,9397442457.088501,0.0897195211973577,104742449933.6858
1239,2019-02-20,9538699514.121342,0.0910681344589558,104742449933.68578
1240,2019-02-21,9163597673.77966,0.08748695184790202,104742449933.68582
1241,2019-02-22,9441206768.119448,0.0901373490318093,104742449933.6858
1242,2019-02-23,9823316496.561832,0.0937854375449604,104742449933.68582
1243,2019-02-24,8658068886.773329,0.0826605535029484,104742449933.68579
1244,2019-02-25,8967827207.36942,0.0856178866643572,104742449933.6858
1245,2019-02-26,8814791918.638165,0.0841407765319685,104762426518.47963
1246,2019-02-27,8754312227.841816,0.0835634732677521,104762426518.47963
1247,2019-02-28,8798451562.44475,0.0839848011814879,104762426518.47966
1248,2019-03-01,8881280418.364098,0.0847754363230359,104762426518.47963
1249,2019-03-02,8717279271.25143,0.0832099786244808,104762426518.47963
1250,2019-03-03,9147625181.18911,0.0873178054879772,104762426518.47964
1251,2019-03-04,8545095011.461567,0.0815664097848502,104762426518.47963
1252,2019-03-05,8929168136.84314,0.0852162915501412,104782406913.22768
1253,2019-03-06,8849733608.570122,0.0844582012312311,104782406913.22765
1254,2019-03-07,8886142236.916769,0.0848056701376936,104782406913.22763
1255,2019-03-08,8986638491.61423,0.0857647648717999,104782406913.22765
1256,2019-03-09,9388757507.545496,0.089602422621581,104782406913.22768
1257,2019-03-10,10598968970.482738,0.101152180816575,104782406913.22763
1258,2019-03-11,10660915535.478027,0.10174337323923599,104782406913.2277
1259,2019-03-12,11046320913.754356,0.105401420672242,104802391118.65654
1260,2019-03-13,11324253409.972572,0.108053387800583,104802391118.65656
1261,2019-03-14,11108838365.275482,0.105997947629822,104802391118.65659
1262,2019-03-15,11062644245.147156,0.105557174097508,104802391118.65654
1263,2019-03-16,11314452581.619968,0.107959870579764,104802391118.65654
1264,2019-03-17,11360426606.824375,0.10839854401759,104802391118.65656
1265,2019-03-18,12094490514.705612,0.115402810810035,104802391118.65652
1266,2019-03-19,11655956742.420595,0.111197216076866,104822379135.49309
1267,2019-03-20,11385498018.509018,0.10861705403377801,104822379135.49309
1268,2019-03-21,11035343889.33108,0.105276602003727,104822379135.49306
1269,2019-03-22,11337970918.97867,0.10816364799660999,104822379135.49309
1270,2019-03-23,11142782322.962656,0.106301559026432,104822379135.49312
1271,2019-03-24,10886925735.551636,0.103860700599814,104822379135.49307
1272,2019-03-25,10473305271.439466,0.0999147830627056,104822379135.49306
1273,2019-03-26,10658428905.368128,0.101661463846337,104842370964.46419
1274,2019-03-27,11262039953.0853,0.107418783546039,104842370964.46417
1275,2019-03-28,11108852268.99531,0.105957659740074,104842370964.46419
1276,2019-03-29,11235681429.239342,0.107167372560161,104842370964.4642
1277,2019-03-30,11194984524.707012,0.10677920025770402,104842370964.46417
1278,2019-03-31,11296508752.668806,0.10774755138356899,104842370964.46419
1279,2019-04-01,11563022543.34072,0.110289594149487,104842370964.46423
1280,2019-04-02,12842127222.840435,0.12246650193444399,104862366606.2969
1281,2019-04-03,12693146842.987415,0.121045778898387,104862366606.2969
1282,2019-04-04,12343843969.142038,0.11771471852706401,104862366606.29692
1283,2019-04-05,13421575279.099566,0.127992298032816,104862366606.2969
1284,2019-04-06,13080882195.285608,0.12474334328537,104862366606.29686
1285,2019-04-07,13860657179.216118,0.13217951899994398,104862366606.29694
1286,2019-04-08,13749032907.678486,0.131115035380604,104862366606.29689
1287,2019-04-09,13141282083.297153,0.12529543884969302,104882366061.71838
1288,2019-04-10,13222301668.397898,0.12606791937376,104882366061.7184
1289,2019-04-11,12103510983.59554,0.115400819394875,104882366061.71846
1290,2019-04-12,11957946620.785872,0.114012937253429,104882366061.71841
1291,2019-04-13,12147452280.472729,0.11581977730483801,104882366061.71843
1292,2019-04-14,12373950155.235262,0.11797931930667699,104882366061.71844
1293,2019-04-15,11803860986.961418,0.112543809128175,104882366061.71841
1294,2019-04-16,12053498243.96581,0.11490205913158,104902369331.45609
1295,2019-04-17,12248133244.577719,0.116757450976896,104902369331.45605
1296,2019-04-18,12371053497.567621,0.11792920957275302,104902369331.45607
1297,2019-04-19,12129136201.970022,0.11562309106333,104902369331.45607
1298,2019-04-20,12124544498.56907,0.115579319855585,104902369331.45605
1299,2019-04-21,11691632885.685892,0.111452514945056,104902369331.45609
1300,2019-04-22,11841355961.815237,0.11287977609352698,104902369331.45612
1301,2019-04-23,11512875504.468525,0.10972755190747699,104922376416.23737
1302,2019-04-24,10753902296.87797,0.10249388799788699,104922376416.23735
1303,2019-04-25,10174025096.841667,0.09696716224268799,104922376416.23735
1304,2019-04-26,10172475305.981646,0.0969523914100691,104922376416.23734
1305,2019-04-27,10308142314.600904,0.098245414054553,104922376416.23734
1306,2019-04-28,10023140251.039652,0.0955291005922023,104922376416.23734
1307,2019-04-29,9846016474.567678,0.0938409594871123,104922376416.23738
1308,2019-04-30,10463951094.099337,0.0997113879495783,104942387316.78983
1309,2019-05-01,10465020678.58528,0.0997215800608242,104942387316.78984
1310,2019-05-02,10264716142.136076,0.0978128705148469,104942387316.78984
1311,2019-05-03,10519105733.000845,0.10023695860135902,104942387316.78983
1312,2019-05-04,10226351590.851156,0.0974472932465396,104942387316.78983
1313,2019-05-05,10104230495.637165,0.0962835966856319,104942387316.78984
1314,2019-05-06,10099664987.688282,0.0962400917867477,104942387316.78984
1315,2019-05-07,9781886051.557474,0.0931941901291823,104962402033.84126
1316,2019-05-08,9600153434.452198,0.0914627833246135,104962402033.84131
1317,2019-05-09,9290036667.795279,0.08850823235543,104962402033.84123
1318,2019-05-10,9651491926.86187,0.0919518964871831,104962402033.84126
1319,2019-05-11,11161076092.76144,0.106334038441336,104962402033.84126
1320,2019-05-12,10343448892.518847,0.0985443234157692,104962402033.8413
1321,2019-05-13,10477700593.331627,0.0998233690379292,104962402033.84126
1322,2019-05-14,11860622344.23385,0.112977223044099,104982420568.11957
1323,2019-05-15,14672425497.957365,0.139760784887189,104982420568.11958
1324,2019-05-16,14423569203.559072,0.137390328071166,104982420568.11957
1325,2019-05-17,13678016591.060019,0.13028863801235002,104982420568.11955
1326,2019-05-18,13817880737.821848,0.131620900556926,104982420568.11957
1327,2019-05-19,15070842228.64906,0.14355586532575798,104982420568.11958
1328,2019-05-20,14248769594.041592,0.135725291119536,104982420568.11957
1329,2019-05-21,14157376140.512424,0.134829016799649,105002442920.35274
1330,2019-05-22,12884900830.848608,0.12271048627527802,105002442920.35274
1331,2019-05-23,13184402164.206827,0.125562813564324,105002442920.35277
1332,2019-05-24,13168443105.621899,0.12541082606630902,105002442920.35274
1333,2019-05-25,13157022132.198147,0.12530205742144598,105002442920.35277
1334,2019-05-26,14001891027.205208,0.13334824064832498,105002442920.35275
1335,2019-05-27,14626105943.864693,0.139293006306139,105002442920.35272
1336,2019-05-28,14606940656.002737,0.13908395777010998,105022469091.26898
1337,2019-05-29,14281280465.38784,0.135983095702852,105022469091.26894
1338,2019-05-30,13506924620.362507,0.128609855940679,105022469091.2689
1339,2019-05-31,14051646976.437986,0.133796577989673,105022469091.26894
1340,2019-06-01,13987955541.557444,0.133190122671762,105022469091.26894
1341,2019-06-02,14366966082.612625,0.136798974609206,105022469091.26895
1342,2019-06-03,13506663172.783129,0.128607366496452,105022469091.26897
1343,2019-06-04,12589915307.424639,0.119855443439563,105042499081.59651
1344,2019-06-05,12793551700.258917,0.12179405299869099,105042499081.59653
1345,2019-06-06,13124109005.65473,0.12494094409787401,105042499081.5965
1346,2019-06-07,13406814405.543394,0.127632287148167,105042499081.59651
1347,2019-06-08,13078248842.707163,0.12450435735109501,105042499081.59653
1348,2019-06-09,12456289643.4632,0.118583332959236,105042499081.59651
1349,2019-06-10,12955421002.809835,0.12333504168390101,105042499081.59648
1350,2019-06-11,12922954777.221655,0.12300250547450699,105062532892.06386
1351,2019-06-12,13313021038.5293,0.12671521114198198,105062532892.06387
1352,2019-06-13,13083276841.40064,0.12452847348389899,105062532892.06386
1353,2019-06-14,13166370130.090511,0.12531936712031302,105062532892.06384
1354,2019-06-15,13352700894.78216,0.12709288960794501,105062532892.06383
1355,2019-06-16,13684887948.361763,0.130254692816334,105062532892.06384
1356,2019-06-17,13732166506.826254,0.130704696801228,105062532892.06387
1357,2019-06-18,12958431730.164654,0.12331666103732301,105082570523.39955
1358,2019-06-19,13052561279.34699,0.12421242851535,105082570523.39954
1359,2019-06-20,12733174245.249285,0.121173037372681,105082570523.3996
1360,2019-06-21,12935710805.280445,0.123100441308675,105082570523.39954
1361,2019-06-22,13512179184.517317,0.128586302345054,105082570523.39957
1362,2019-06-23,13400734679.2877,0.127525760100279,105082570523.39955
1363,2019-06-24,13400921992.26137,0.127527542631604,105082570523.39954
1364,2019-06-25,12961951916.55637,0.1233266392987,105102611976.33238
1365,2019-06-26,12723958081.149622,0.12106224423818199,105102611976.33238
1366,2019-06-27,11281479446.143488,0.10733776481867001,105102611976.33232
1367,2019-06-28,11652122923.00687,0.110864256405262,105102611976.33235
1368,2019-06-29,12091287553.992018,0.115042693294005,105102611976.33234
1369,2019-06-30,10977248220.898872,0.10444315335731899,105102611976.33237
1370,2019-07-01,11098921738.090513,0.10560081742392698,105102611976.33235
1371,2019-07-02,10777334620.283762,0.102521520118068,105122657251.59108
1372,2019-07-03,11113889860.52187,0.10572306818617501,105122657251.5911
1373,2019-07-04,10460196654.473707,0.0995046827006971,105122657251.59111
1374,2019-07-05,10514609173.966413,0.10002229251874499,105122657251.5911
1375,2019-07-06,10858673232.852821,0.103295269704462,105122657251.59111
1376,2019-07-07,11132900904.993996,0.10590391449437501,105122657251.5911
1377,2019-07-08,10970802821.521103,0.10436192452084402,105122657251.59106
1378,2019-07-09,10670579081.210428,0.10148663137602498,105142706349.90479
1379,2019-07-10,9960488954.287928,0.0947330471135143,105142706349.90477
1380,2019-07-11,9105795255.232056,0.0866041551653507,105142706349.90475
1381,2019-07-12,10309598613.275429,0.0980533883060427,105142706349.90472
1382,2019-07-13,10057320490.526814,0.0956540005452877,105142706349.90474
1383,2019-07-14,9086961396.270498,0.0864250285324592,105142706349.90475
1384,2019-07-15,9048423491.45361,0.0860584990207626,105142706349.90477
1385,2019-07-16,8289191889.5603895,0.0788225028227005,105162759272.0025
1386,2019-07-17,8471396937.264215,0.0805551033075599,105162759272.00252
1387,2019-07-18,9347015058.135927,0.0888814169848849,105162759272.00252
1388,2019-07-19,9831551104.060835,0.0934889039819849,105162759272.00252
1389,2019-07-20,10039753919.827065,0.0954687190534753,105162759272.00253
1390,2019-07-21,9575300310.089863,0.0910521973403478,105162759272.0025
1391,2019-07-22,9283471702.99832,0.0882771787965995,105162759272.00253
1392,2019-07-23,8859136472.72568,0.0842260818645312,105182816018.61368
1393,2019-07-24,9016182543.441061,0.0857191591242957,105182816018.61363
1394,2019-07-25,9003591964.978653,0.0855994572667206,105182816018.61365
1395,2019-07-26,9260481028.944149,0.0880417674623331,105182816018.61366
1396,2019-07-27,8861039730.186663,0.0842441766211942,105182816018.61365
1397,2019-07-28,8821913512.321083,0.0838721936362677,105182816018.61363
1398,2019-07-29,8753517285.37529,0.0832219331703976,105182816018.61363
1399,2019-07-30,8786367207.115137,0.08351831710190401,105202876590.46748
1400,2019-07-31,8808364898.777037,0.0837274149172378,105202876590.46751
1401,2019-08-01,8721356515.470425,0.0829003616452506,105202876590.46751
1402,2019-08-02,8626243984.436007,0.0819962748548801,105202876590.46751
1403,2019-08-03,8661775735.36625,0.0823340199059832,105202876590.46754
1404,2019-08-04,8655232740.833082,0.0822718258410943,105202876590.46754
1405,2019-08-05,8652137051.898594,0.0822423999448183,105202876590.46754
1406,2019-08-06,8212124297.247034,0.0780449987437687,105222940988.29375
1407,2019-08-07,8264388123.621932,0.0785416948623529,105222940988.29372
1408,2019-08-08,8073078798.871138,0.0767235616401302,105222940988.29375
1409,2019-08-09,7547339110.595166,0.0717271256601241,105222940988.29372
1410,2019-08-10,7750348062.816007,0.0736564478242273,105222940988.29375
1411,2019-08-11,8211047829.58354,0.0780347683923512,105222940988.29375
1412,2019-08-12,7928020736.840874,0.0753449833503787,105222940988.29376
1413,2019-08-13,7801961360.457168,0.0741328228716843,105243009212.82195
1414,2019-08-14,7273591810.15927,0.0691123511629228,105243009212.82195
1415,2019-08-15,7390534623.91912,0.0702235205853342,105243009212.82196
1416,2019-08-16,7239821165.077361,0.0687914686137207,105243009212.82198
1417,2019-08-17,7121778263.665971,0.0676698463578169,105243009212.82196
1418,2019-08-18,7448738627.31586,0.0707765644771051,105243009212.82196
1419,2019-08-19,7535758935.241845,0.0716034156720383,105243009212.82193
1420,2019-08-20,7256387284.928416,0.0689357293909673,105263081264.78206
1421,2019-08-21,7027231559.377748,0.0667587484134274,105263081264.78204
1422,2019-08-22,7194751158.76365,0.0683501857661353,105263081264.78206
1423,2019-08-23,7282811525.347466,0.0691867598576946,105263081264.78204
1424,2019-08-24,7419081737.273447,0.0704813278134169,105263081264.78206
1425,2019-08-25,7292958483.289126,0.0692831560283153,105263081264.78204
1426,2019-08-26,7313812298.617914,0.0694812674181608,105263081264.78206
1427,2019-08-27,7171595567.858638,0.0681172161088234,105283157144.90396
1428,2019-08-28,6746641952.0934515,0.0640809236258737,105283157144.90399
1429,2019-08-29,6469432312.969427,0.0614479323037908,105283157144.90396
1430,2019-08-30,6527558881.457724,0.0620000298098363,105283157144.90393
1431,2019-08-31,6535169296.973197,0.0620723150235576,105283157144.90395
1432,2019-09-01,6566385501.541439,0.0623688126345219,105283157144.90393
1433,2019-09-02,6654284471.817423,0.0632036942305877,105283157144.90392
1434,2019-09-03,6635553538.00243,0.0630137661125044,105303236853.91782
1435,2019-09-04,6504198897.133686,0.0617663719697112,105303236853.91777
1436,2019-09-05,6361269467.291689,0.060409059183208,105303236853.91779
1437,2019-09-06,6128274613.801961,0.0581964505260501,105303236853.91776
1438,2019-09-07,6394699839.571835,0.0607265268440219,105303236853.91779
1439,2019-09-08,6441976788.798636,0.0611754869200772,105303236853.91774
1440,2019-09-09,6343471669.020303,0.0602400444520077,105303236853.91779
1441,2019-09-10,6269937496.414881,0.0595303819994091,105323320392.55379
1442,2019-09-11,6180104166.5372095,0.058677452851877,105323320392.55379
1443,2019-09-12,6154851337.171416,0.0584376880089944,105323320392.5538
1444,2019-09-13,6093076845.014296,0.0578511655567314,105323320392.55382
1445,2019-09-14,6205966997.314345,0.0589230093979557,105323320392.55377
1446,2019-09-15,6141364615.178046,0.0583096373366162,105323320392.55382
1447,2019-09-16,6176746276.960191,0.0586455711226977,105323320392.5538
1448,2019-09-17,6738058198.369665,0.0639627893339285,105343407761.5424
1449,2019-09-18,8813203075.710032,0.0836616477763828,105343407761.54242
1450,2019-09-19,8530792101.225194,0.0809807873363626,105343407761.54239
1451,2019-09-20,7601643756.74827,0.0721606023412069,105343407761.5424
1452,2019-09-21,7345559301.206626,0.0697296533052566,105343407761.54236
1453,2019-09-22,7189452366.367271,0.0682477671753459,105343407761.54239
1454,2019-09-23,6715183404.074302,0.0637456443337673,105343407761.54237
1455,2019-09-24,5701441709.8180065,0.0541121144040134,105363498961.61404
1456,2019-09-25,6025412967.613849,0.0571869103341853,105363498961.61406
1457,2019-09-26,6210365375.6323595,0.0589422849168564,105363498961.61406
1458,2019-09-27,6191681504.809652,0.0587649571799566,105363498961.61407
1459,2019-09-28,6149217863.808383,0.0583619367656788,105363498961.61404
1460,2019-09-29,6116302016.342205,0.0580495340095956,105363498961.61404
1461,2019-09-30,6485824670.681845,0.0615566560962896,105363498961.61409
1462,2019-10-01,6205279631.63986,0.0588827861765905,105383593993.49954
1463,2019-10-02,6297621455.221419,0.0597590309513441,105383593993.49954
1464,2019-10-03,6184854367.853424,0.0586889679264016,105383593993.49956
1465,2019-10-04,6203703592.714788,0.0588678309177561,105383593993.49954
1466,2019-10-05,6218063510.465659,0.059004094231681,105383593993.49954
1467,2019-10-06,6139430443.077328,0.0582579338056741,105383593993.49948
1468,2019-10-07,6574905197.776425,0.0623902160537625,105383593993.49956
1469,2019-10-08,6512416603.5612135,0.0617854690569438,105403692857.92953
1470,2019-10-09,6660236618.090804,0.0631878868520094,105403692857.92955
1471,2019-10-10,6494891573.58269,0.061619203250658,105403692857.92955
1472,2019-10-11,6326671770.83876,0.0600232458588172,105403692857.92955
1473,2019-10-12,6425104673.229086,0.0609571116439847,105403692857.92958
1474,2019-10-13,6479728064.814703,0.0614753419839714,105403692857.92955
1475,2019-10-14,6933053052.592768,0.0657761873859355,105403692857.92958
1476,2019-10-15,6692972740.741202,0.0634863571878242,105423795555.6351
1477,2019-10-16,6519223916.021562,0.061838258446891003,105423795555.63509
1478,2019-10-17,6856160117.5367365,0.0650342750552796,105423795555.6351
1479,2019-10-18,6670138602.992553,0.0632697634138256,105423795555.63512
1480,2019-10-19,6583135113.477922,0.0624444896788393,105423795555.63513
1481,2019-10-20,6660537665.51185,0.0631786934857311,105423795555.63509
1482,2019-10-21,6748778112.100388,0.0640157004073987,105423795555.6351
1483,2019-10-22,6663876048.9006405,0.0631983065590691,105443902087.34729
1484,2019-10-23,6270484114.903444,0.0594674892599206,105443902087.34729
1485,2019-10-24,6374323230.927332,0.0604522699249786,105443902087.34727
1486,2019-10-25,6772788628.440351,0.0642312025102213,105443902087.3473
1487,2019-10-26,6626726647.385313,0.062845992193042,105443902087.34729
1488,2019-10-27,6855438780.582496,0.0650150330637765,105443902087.34729
1489,2019-10-28,6864023798.850388,0.0650964509371475,105443902087.34729
1490,2019-10-29,7025992675.74077,0.0666325177336533,105443902087.3473
1491,2019-10-30,6756201053.36477,0.064073890662431,105443902087.34729
1492,2019-10-31,6846666693.112537,0.0649318410792586,105443902087.34727
1493,2019-11-01,7316911055.682246,0.0693915049693541,105443902087.34727
1494,2019-11-02,7484221961.454571,0.0709782340495595,105443902087.34729
1495,2019-11-03,7236052549.336333,0.0686246658753406,105443902087.34723
1496,2019-11-04,7869526355.804799,0.0746323514211933,105443902087.34726
