,Date,Market Cap (USD),Price (USD),Number of Coins
3101,7/1/17,40933352571.0,2492.6,16421950.000401188
3102,7/2/17,40016164520.0,2436.4,16424300.0
3103,7/3/17,41042283520.0,2498.56,16426375.0
3104,7/4/17,42072971057.0,2561.0,16428337.0
3105,7/5/17,42765544531.0,2602.87,16430150.000192096
3106,7/6/17,42856200092.0,2608.1,16431961.999923317
3107,7/7/17,42869111557.0,2608.59,16433825.000095837
3108,7/8/17,41422842687.0,2520.27,16435875.000297587
3109,7/9/17,42287500692.0,2572.61,16437586.999972789
3110,7/10/17,41515266566.0,2525.25,16440062.000198001
3111,7/11/17,39229368836.0,2385.89,16442237.00002934
3112,7/12/17,38361119626.0,2332.77,16444449.999785664
3113,7/13/17,39515734045.0,2402.7,16446387.00004162
3114,7/14/17,38827279394.0,2360.59,16448125.000105904
3115,7/15/17,36684887479.0,2230.12,16449737.000251109
3116,7/16/17,32771580869.0,1991.98,16451762.000120483
3117,7/17/17,31798579624.0,1932.62,16453612.000289762
3118,7/18/17,36754023388.0,2233.52,16455650.0
3119,7/19/17,38232147177.0,2323.08,16457525.0
3120,7/20/17,37361367950.0,2269.89,16459550.000220276
3121,7/21/17,46724449316.0,2838.41,16461487.000116263
3122,7/22/17,43934923289.0,2668.63,16463474.999906318
3123,7/23/17,46237155260.0,2808.1,16465637.000106834
3124,7/24/17,45001726487.0,2732.7,16467861.999853626
3125,7/25/17,45415128813.0,2757.5,16469675.000181323
3126,7/26/17,42459833933.0,2577.77,16471537.000197846
3127,7/27/17,41821406182.0,2538.71,16473487.000090597
3128,7/28/17,44149387826.0,2679.73,16475312.000089562
3129,7/29/17,46252110646.0,2807.02,16477300.0
3130,7/30/17,44895563359.0,2724.39,16479125.000091765
3131,7/31/17,45540820278.0,2763.24,16480950.000000002
3132,8/1/17,47327135423.0,2871.3,16482825.000174137
3133,8/2/17,44955988090.0,2727.13,16484725.000275014
3134,8/3/17,44670957723.0,2709.56,16486425.0
3135,8/4/17,46282626691.0,2806.93,16488700.000000002
3136,8/5/17,47784561339.0,2897.63,16490912.000151848
3137,8/6/17,53726660658.0,3257.61,16492662.000055255
3138,8/7/17,52993440669.0,3212.78,16494575.000155628
3139,8/8/17,55597127439.0,3370.22,16496586.999958461
3140,8/9/17,56430911874.0,3420.4,16498336.99976611
3141,8/10/17,55140360000.0,3341.84,16500000.0
3142,8/11/17,55674143361.0,3373.82,16501811.999751024
3143,8/12/17,60248033481.0,3650.63,16503461.999983564
3144,8/13/17,64041367774.0,3880.04,16505337.00013402
3145,8/14/17,67118909395.0,4066.1,16506950.0
3146,8/15/17,71433628862.0,4326.99,16508850.000115555
3147,8/16/17,69349553957.0,4200.34,16510461.999980953
3148,8/17/17,72398995001.0,4384.44,16512711.99993614
3149,8/18/17,71414637256.0,4324.34,16514575.000115624
3150,8/19/17,68341044432.0,4137.75,16516475.000181258
3151,8/20/17,69199546244.0,4189.31,16518125.000059674
3152,8/21/17,67572937970.0,4090.48,16519562.000058673
3153,8/22/17,66055288949.0,3998.35,16520637.000012506
3154,8/23/17,67561125694.0,4089.01,16522611.999970652
3155,8/24/17,68369338291.0,4137.6,16523911.99995166
3156,8/25/17,71600660737.0,4332.82,16525186.99992153
3157,8/26/17,72254792753.0,4372.06,16526486.999949679
3158,8/27/17,71817550840.0,4345.1,16528399.999999998
3159,8/28/17,72475177723.0,4384.45,16530050.00011404
3160,8/29/17,72561871069.0,4389.21,16531875.000056958
3161,8/30/17,75566387085.0,4570.36,16534012.000148786
3162,8/31/17,75331350130.0,4555.59,16536025.000054877
3163,9/1/17,77758647232.0,4701.76,16538200.0
3164,9/2/17,81070834691.0,4901.42,16540275.000102011
3165,9/3/17,75850393786.0,4585.27,16542187.000111224
3166,9/4/17,75965648581.0,4591.63,16544374.999945553
3167,9/5/17,69964825419.0,4228.29,16546837.000063855
3168,9/6/17,72427531422.0,4376.59,16548850.000114243
3169,9/7/17,75955085597.0,4589.14,16551049.999999998
3170,9/8/17,76230364771.0,4605.16,16553250.000217149
3171,9/9/17,70025929996.0,4229.81,16555337.000007091
3172,9/10/17,70025499581.0,4229.34,16557075.000118222
3173,9/11/17,68264854693.0,4122.47,16559211.999844752
3174,9/12/17,69043323008.0,4168.88,16561600.0
3175,9/13/17,68442013420.0,4131.98,16563974.999878995
3176,9/14/17,64200057609.0,3875.37,16566174.999806471
3177,9/15/17,52460524920.0,3166.3,16568399.999999998
3178,9/16/17,60279289085.0,3637.75,16570487.00020617
3179,9/17/17,59765796556.0,3606.28,16572700.0
3180,9/18/17,59519892764.0,3591.09,16574324.999930382
3181,9/19/17,67528059642.0,4073.79,16576224.999815896
3182,9/20/17,64924386077.0,3916.36,16577736.999918291
3183,9/21/17,64686079990.0,3901.47,16579925.000064079
3184,9/22/17,60158601369.0,3628.02,16581661.999933848
3185,9/23/17,60197547863.0,3629.92,16583711.99998898
3186,9/24/17,62961281186.0,3796.15,16585561.999920972
3187,9/25/17,61066827658.0,3681.58,16587125.000135811
3188,9/26/17,65167556738.0,3928.41,16588786.999829449
3189,9/27/17,64586502334.0,3892.94,16590674.999871561
3190,9/28/17,69642503815.0,4197.13,16592887.000164397
3191,9/29/17,69228033900.0,4171.62,16595000.0
3192,9/30/17,69143831983.0,4166.11,16596736.999983199
3193,10/1/17,72054319360.0,4341.05,16598361.999976963
3194,10/2/17,72971377912.0,4395.81,16600212.000063695
3195,10/3/17,73191567362.0,4408.46,16602525.000113418
3196,10/4/17,71719575370.0,4319.37,16604175.00005788
3197,10/5/17,70240118316.0,4229.88,16605700.0
3198,10/6/17,71819494347.0,4324.46,16607736.999995375
3199,10/7/17,72573592695.0,4369.35,16609699.999999998
3200,10/8/17,73585678040.0,4429.67,16612000.0
3201,10/9/17,76665459928.0,4614.52,16613961.99994799
3202,10/10/17,79361562675.0,4776.21,16616012.000100497
3203,10/11/17,79586559188.0,4789.25,16617750.000104401
3204,10/12/17,80265866463.0,4829.58,16619637.00011181
3205,10/13/17,90821715816.0,5464.16,16621350.0
3206,10/14/17,93813031266.0,5643.53,16623112.000113405
3207,10/15/17,97026044779.0,5835.96,16625550.000171352
3208,10/16/17,94571207689.0,5687.57,16627700.0
3209,10/17/17,95481108904.0,5741.58,16629762.000006966
3210,10/18/17,93200912999.0,5603.82,16631675.000089226
3211,10/19/17,92879233192.0,5583.74,16633874.999910455
3212,10/20/17,94960688771.0,5708.11,16636100.000000002
3213,10/21/17,99774514062.0,5996.79,16637987.000045024
3214,10/22/17,100452000000.0,6036.66,16640327.598373936
3215,10/23/17,99954554700.0,6006.0,16642450.0
3216,10/24/17,98793833867.0,5935.52,16644512.000128042
3217,10/25/17,91967115691.0,5524.6,16646837.000144806
3218,10/26/17,95698263320.0,5747.95,16649111.99993041
3219,10/27/17,98233030896.0,5899.74,16650400.0
3220,10/28/17,96375664793.0,5787.82,16651462.000027645
3221,10/29/17,95830916288.0,5754.44,16653386.999951344
3222,10/30/17,101844000000.0,6114.85,16655191.868974708
3223,10/31/17,102141000000.0,6132.02,16656990.681700319
3224,11/1/17,107299000000.0,6440.97,16658826.232694764
3225,11/2/17,112923000000.0,6777.77,16660789.610742176
3226,11/3/17,118094000000.0,7087.53,16662222.241034606
3227,11/4/17,119388000000.0,7164.48,16663875.117245076
3228,11/5/17,123401000000.0,7404.52,16665631.263066342
3229,11/6/17,123392000000.0,7403.22,16667342.048459994
3230,11/7/17,117070000000.0,7023.1,16669277.099856189
3231,11/8/17,119054000000.0,7141.38,16671007.56436431
3232,11/9/17,124161000000.0,7446.83,16673000.457912965
3233,11/10/17,119618000000.0,7173.73,16674449.693534605
3234,11/11/17,110369000000.0,6618.61,16675555.743577579
3235,11/12/17,104986000000.0,6295.45,16676488.575082004
3236,11/13/17,99039469606.0,5938.25,16678224.9999579
3237,11/14/17,109444000000.0,6561.48,16679773.465742486
3238,11/15/17,110679000000.0,6634.76,16681688.561455123
3239,11/16/17,122178000000.0,7323.24,16683599.062709948
3240,11/17/17,131034000000.0,7853.57,16684641.50698345
3241,11/18/17,128446000000.0,7697.21,16687345.154932762
3242,11/19/17,129610000000.0,7766.03,16689350.929625561
3243,11/20/17,134185000000.0,8039.07,16691607.36254318
3244,11/21/17,136985000000.0,8205.74,16693802.143377684
3245,11/22/17,134866000000.0,8077.95,16695572.515304007
3246,11/23/17,137461000000.0,8232.38,16697601.422674853
3247,11/24/17,134832000000.0,8074.02,16699487.987396613
3248,11/25/17,137648000000.0,8241.71,16701388.425460253
3249,11/26/17,146806000000.0,8789.04,16703303.204900647
3250,11/27/17,156241000000.0,9352.72,16705407.624733768
3251,11/28/17,164124000000.0,9823.43,16707402.60784675
3252,11/29/17,168388000000.0,10077.4,16709468.712167822
3253,11/30/17,165559000000.0,9906.79,16711669.471140498
3254,12/1/17,170458000000.0,10198.6,16713862.687035475
3255,12/2/17,183512000000.0,10978.3,16715884.973083265
3256,12/3/17,185282000000.0,11082.7,16718128.253945338
3257,12/4/17,189198000000.0,11315.4,16720398.748608092
3258,12/5/17,195415000000.0,11685.7,16722575.455471216
3259,12/6/17,199418000000.0,11923.4,16724927.453578677
3260,12/7/17,238627000000.0,14266.1,16726855.973251274
3261,12/8/17,297821000000.0,17802.9,16728791.376685819
3262,12/9/17,276451000000.0,16523.3,16730979.889005223
3263,12/10/17,253813000000.0,15168.4,16733010.732839324
3264,12/11/17,258180000000.0,15427.4,16735159.521371067
3265,12/12/17,283189000000.0,16919.8,16737136.372770365
3266,12/13/17,292940000000.0,17500.0,16739428.57142857
3267,12/14/17,274307000000.0,16384.6,16741757.503997657
3268,12/15/17,277970000000.0,16601.3,16743869.456006458
3269,12/16/17,297413000000.0,17760.3,16745944.606791552
3270,12/17/17,326187000000.0,19475.8,16748323.560521264
3271,12/18/17,320044000000.0,19106.4,16750617.594104592
3272,12/19/17,320276000000.0,19118.3,16752326.305163117
3273,12/20/17,297557000000.0,17760.3,16754052.57794069
3274,12/21/17,278855000000.0,16642.4,16755696.293803778
3275,12/22/17,266413000000.0,15898.0,16757642.470751038
3276,12/23/17,233771000000.0,13948.7,16759339.580032546
3277,12/24/17,244852000000.0,14608.2,16761271.066935008
3278,12/25/17,234612000000.0,13995.9,16762909.137676034
3279,12/26/17,235319000000.0,14036.6,16764672.35655358
3280,12/27/17,271008000000.0,16163.5,16766665.635536857
3281,12/28/17,266018000000.0,15864.1,16768552.896161774
3282,12/29/17,246458000000.0,14695.8,16770641.952122375
3283,12/30/17,246251000000.0,14681.9,16772420.463291537
3284,12/31/17,216352000000.0,12897.7,16774463.664064135
3285,1/1/18,236752000000.0,14112.2,16776406.230070435
3286,1/2/18,228608000000.0,13625.0,16778568.80733945
3287,1/3/18,251342000000.0,14978.2,16780521.02388805
3288,1/4/18,256282000000.0,15270.7,16782596.737543136
3289,1/5/18,259776000000.0,15477.2,16784431.292481843
3290,1/6/18,293128000000.0,17462.1,16786526.248274837
3291,1/7/18,294258000000.0,17527.3,16788552.7149076
3292,1/8/18,276645000000.0,16476.2,16790582.78000995
3293,1/9/18,253967000000.0,15123.7,16792649.946772285
3294,1/10/18,245010000000.0,14588.5,16794735.579394728
3295,1/11/18,251423000000.0,14968.2,16797143.277080745
3296,1/12/18,226017000000.0,13453.9,16799366.72637674
3297,1/13/18,234417000000.0,13952.4,16801195.493248474
3298,1/14/18,241475000000.0,14370.8,16803170.317588445
3299,1/15/18,231361000000.0,13767.3,16805110.660768636
3300,1/16/18,232544000000.0,13836.1,16807048.228908435
3301,1/17/18,192147000000.0,11431.1,16809143.477005713
3302,1/18/18,188266000000.0,11198.8,16811265.492731366
3303,1/19/18,192173000000.0,11429.8,16813330.067017797
3304,1/20/18,196006000000.0,11656.2,16815600.28139531
3305,1/21/18,216769000000.0,12889.2,16817878.533966422
3306,1/22/18,195669000000.0,11633.1,16820022.178095262
3307,1/23/18,184110000000.0,10944.5,16822148.110923294
3308,1/24/18,183443000000.0,10903.4,16824385.054203276
3309,1/25/18,192186000000.0,11421.7,16826391.8681107
3310,1/26/18,189419000000.0,11256.0,16828269.36744847
3311,1/27/18,188077000000.0,11174.9,16830307.20632847
3312,1/28/18,193155000000.0,11475.3,16832239.680008367
3313,1/29/18,197893000000.0,11755.5,16834077.665773466
3314,1/30/18,190363000000.0,11306.8,16836151.696324337
3315,1/31/18,170199000000.0,10108.2,16837715.913812548
3316,2/1/18,172392000000.0,10237.3,16839596.37795122
3317,2/2/18,153972000000.0,9142.28,16841750.635508865
3318,2/3/18,149103000000.0,8852.12,16843761.720356252
3319,2/4/18,154573000000.0,9175.7,16845908.214087207
3320,2/5/18,139344000000.0,8270.54,16848234.81900819
3321,2/6/18,118825000000.0,7051.75,16850427.198922254
3322,2/7/18,130696000000.0,7755.49,16852062.216571745
3323,2/8/18,128727000000.0,7637.86,16853804.59971772
3324,2/9/18,139426000000.0,8271.84,16855500.106385037
3325,2/10/18,146997000000.0,8720.08,16857299.47431675
3326,2/11/18,145261000000.0,8616.13,16859193.16444854
3327,2/12/18,137275000000.0,8141.43,16861288.496001314
3328,2/13/18,150534000000.0,8926.72,16863304.77487812
3329,2/14/18,145042000000.0,8599.92,16865505.725634657
3330,2/15/18,160041000000.0,9488.32,16867158.78047958
3331,2/16/18,170981000000.0,10135.7,16869185.157413892
3332,2/17/18,172210000000.0,10207.5,16870928.23903992
3333,2/18/18,187685000000.0,11123.4,16872988.47474693
3334,2/19/18,178075000000.0,10552.6,16874988.15457802
3335,2/20/18,189557000000.0,11231.8,16876814.04583415
3336,2/21/18,191951000000.0,11372.2,16878968.009707883
3337,2/22/18,179956000000.0,10660.4,16880792.465573523
3338,2/23/18,167764000000.0,9937.07,16882642.46905778
3339,2/24/18,173702000000.0,10287.7,16884434.81050186
3340,2/25/18,165428000000.0,9796.42,16886576.93320621
3341,2/26/18,163300000000.0,9669.43,16888275.730834186
3342,2/27/18,175556000000.0,10393.9,16890291.420929585
3343,2/28/18,180531000000.0,10687.2,16892263.642488208
3344,3/1/18,175448000000.0,10385.0,16894366.875300914
3345,3/2/18,185477000000.0,10977.4,16896259.587880556
3346,3/3/18,187606000000.0,11101.9,16898548.897035643
3347,3/4/18,194311000000.0,11497.4,16900429.662358448
3348,3/5/18,194924000000.0,11532.4,16902292.67108321
3349,3/6/18,194400000000.0,11500.1,16904200.833036233
3350,3/7/18,182653000000.0,10803.9,16906209.794611204
3351,3/8/18,168260000000.0,9951.44,16908105.761578225
3352,3/9/18,159203000000.0,9414.69,16910062.891077667
3353,3/10/18,158135000000.0,9350.59,16911767.064965952
3354,3/11/18,149733000000.0,8852.78,16913670.05618574
3355,3/12/18,162440000000.0,9602.93,16915670.52972374
3356,3/13/18,155187000000.0,9173.04,16917728.473875616
3357,3/14/18,155907000000.0,9214.65,16919470.62557992
3358,3/15/18,140290000000.0,8290.76,16921247.268042978
3359,3/16/18,140850000000.0,8322.91,16923167.497906383
3360,3/17/18,140849000000.0,8321.91,16925080.900898952
3361,3/18/18,133562000000.0,7890.52,16926894.551943343
3362,3/19/18,141257000000.0,8344.12,16928927.196636673
3363,3/20/18,145935000000.0,8619.67,16930462.535108652
3364,3/21/18,151333000000.0,8937.48,16932401.52705237
3365,3/22/18,151382000000.0,8939.44,16934170.373088244
3366,3/23/18,147955000000.0,8736.25,16935756.188295893
3367,3/24/18,150779000000.0,8901.95,16937749.594190035
3368,3/25/18,145897000000.0,8612.81,16939535.412948854
3369,3/26/18,143975000000.0,8498.47,16941284.725368213
3370,3/27/18,138935000000.0,8200.0,16943292.68292683
3371,3/28/18,132795000000.0,7836.83,16944989.23671944
3372,3/29/18,135220000000.0,7979.07,16946837.162726983
3373,3/30/18,121548000000.0,7171.45,16948873.65874405
3374,3/31/18,116831000000.0,6892.48,16950502.576721296
3375,4/1/18,118719000000.0,7003.06,16952446.501957715
3376,4/2/18,116051000000.0,6844.86,16954473.867982693
3377,4/3/18,120429000000.0,7102.26,16956433.585928984
3378,4/4/18,126448000000.0,7456.41,16958294.94354522
3379,4/5/18,116155000000.0,6848.65,16960276.842881445
3380,4/6/18,115612000000.0,6815.96,16961954.002077475
3381,4/7/18,112482000000.0,6630.51,16964305.913119804
3382,4/8/18,117406000000.0,6919.98,16966234.006456666
3383,4/9/18,119529000000.0,7044.32,16968138.869330183
3384,4/10/18,115311000000.0,6795.44,16968879.130711183
3385,4/11/18,116148000000.0,6843.47,16972091.643566787
3386,4/12/18,118061000000.0,6955.38,16974054.616713967
3387,4/13/18,134130000000.0,7901.09,16976138.735288423
3388,4/14/18,133695000000.0,7874.67,16977854.310085375
3389,4/15/18,135828000000.0,7999.33,16979922.068473235
3390,4/16/18,141586000000.0,8337.57,16981686.51057802
3391,4/17/18,137087000000.0,8071.66,16983743.1209937
3392,4/18/18,134941000000.0,7944.43,16985611.30251006
3393,4/19/18,138609000000.0,8159.27,16987916.811185315
3394,4/20/18,140791000000.0,8286.88,16989626.976618465
3395,4/21/18,150355000000.0,8848.79,16991588.680486258
3396,4/22/18,151669000000.0,8925.06,16993611.24743139
3397,4/23/18,149465000000.0,8794.39,16995493.718154415
3398,4/24/18,151861000000.0,8934.34,16997450.287318368
3399,4/25/18,164908000000.0,9701.03,16999019.691723455
3400,4/26/18,150752000000.0,8867.32,17000852.568758093
3401,4/27/18,157965000000.0,9290.63,17002614.462097835
3402,4/28/18,152005000000.0,8939.27,17004184.905478857
3403,4/29/18,158946000000.0,9346.41,17006101.8080739
3404,4/30/18,160320000000.0,9426.11,17008076.502396002
3405,5/1/18,157367000000.0,9251.47,17009945.44650742
3406,5/2/18,154886000000.0,9104.6,17011840.16870593
3407,5/3/18,157103000000.0,9233.97,17013592.20357008
3408,5/4/18,164973000000.0,9695.5,17015419.524521686
3409,5/5/18,165073000000.0,9700.28,17017343.829250287
3410,5/6/18,167559000000.0,9845.31,17019169.533513926
3411,5/7/18,164179000000.0,9645.67,17021005.28008941
3412,5/8/18,159688000000.0,9380.87,17022728.169135697
3413,5/9/18,157032000000.0,9223.73,17024782.81562882
3414,5/10/18,158790000000.0,9325.96,17026665.351341847
3415,5/11/18,154156000000.0,9052.96,17028242.696311485
3416,5/12/18,143760000000.0,8441.44,17030269.717015106
3417,5/13/18,145037000000.0,8515.49,17032137.903984386
3418,5/14/18,148417000000.0,8713.1,17033776.72699728
3419,5/15/18,148298000000.0,8705.19,17035584.5191202
3420,5/16/18,144897000000.0,8504.41,17037866.236458495
3421,5/17/18,142622000000.0,8370.05,17039563.68241528
3422,5/18/18,137896000000.0,8091.83,17041386.188291155
3423,5/19/18,140705000000.0,8255.73,17043314.158772152
3424,5/20/18,140571000000.0,8246.99,17045127.98002665
3425,5/21/18,145281000000.0,8522.33,17047098.622090437
3426,5/22/18,143550000000.0,8419.87,17048956.812872406
3427,5/23/18,137040000000.0,8037.08,17050968.759798333
3428,5/24/18,128938000000.0,7561.12,17052764.66978437
3429,5/25/18,129487000000.0,7592.3,17055042.608959075
3430,5/26/18,127697000000.0,7486.48,17057014.778640963
3431,5/27/18,125590000000.0,7362.08,17059037.663269076
3432,5/28/18,125762000000.0,7371.31,17061010.865097247
3433,5/29/18,121648000000.0,7129.46,17062722.842964265
3434,5/30/18,127471000000.0,7469.73,17065007.70442841
3435,5/31/18,126401000000.0,7406.15,17067032.128703848
3436,6/1/18,128030000000.0,7500.7,17069073.55313504
3437,6/2/18,128660000000.0,7536.72,17071086.626543112
3438,6/3/18,130303000000.0,7632.09,17073042.901747752
3439,6/4/18,131865000000.0,7722.53,17075362.60785002
3440,6/5/18,128097000000.0,7500.9,17077550.69391673
3441,6/6/18,130247000000.0,7625.97,17079401.04668652
3442,6/7/18,130685000000.0,7650.82,17081175.61254872
3443,6/8/18,131285000000.0,7685.14,17082967.90949807
3444,6/9/18,130400000000.0,7632.52,17084789.820400078
3445,6/10/18,128140000000.0,7499.55,17086358.514844224
3446,6/11/18,116187000000.0,6799.29,17088107.728895225
3447,6/12/18,118020000000.0,6905.82,17089932.839257322
3448,6/13/18,112752000000.0,6596.88,17091716.083966967
3449,6/14/18,108421000000.0,6342.75,17093689.64565843
3450,6/15/18,114097000000.0,6674.08,17095539.759787116
3451,6/16/18,110373000000.0,6455.45,17097646.174937457
3452,6/17/18,111926000000.0,6545.53,17099608.43506943
3453,6/18/18,111333000000.0,6510.07,17101659.429161284
3454,6/19/18,115319000000.0,6742.39,17103578.997951765
3455,6/20/18,115817000000.0,6770.76,17105465.265346874
3456,6/21/18,115991000000.0,6780.09,17107590.01724166
3457,6/22/18,115282000000.0,6737.88,17109535.93711969
3458,6/23/18,104211000000.0,6090.1,17111541.68240259
3459,6/24/18,105493000000.0,6164.28,17113596.397308365
3460,6/25/18,105637000000.0,6171.97,17115604.904106792
3461,6/26/18,107045000000.0,6253.55,17117477.272908986
3462,6/27/18,104159000000.0,6084.4,17119025.70508185
3463,6/28/18,105348000000.0,6153.16,17120958.986927044
3464,6/29/18,100993000000.0,5898.13,17122884.71091685
3465,6/30/18,106416000000.0,6214.22,17124594.88077345
3466,7/1/18,109809000000.0,6411.68,17126400.568961643
3467,7/2/18,109284000000.0,6380.38,17128133.434058785
3468,7/3/18,112998000000.0,6596.66,17129577.69537918
3469,7/4/18,112225000000.0,6550.87,17131312.329507377
3470,7/5/18,113073000000.0,6599.71,17133025.542031392
3471,7/6/18,113754000000.0,6638.69,17135007.057115186
3472,7/7/18,114281000000.0,6668.71,17136897.540903714
3473,7/8/18,117535000000.0,6857.8,17138878.35749074
3474,7/9/18,116129000000.0,6775.08,17140609.40977819
3475,7/10/18,115527000000.0,6739.21,17142513.7367733
3476,7/11/18,108536000000.0,6330.77,17144202.048092093
3477,7/12/18,109679000000.0,6396.78,17145970.316315398
3478,7/13/18,106917000000.0,6235.03,17147792.39233813
3479,7/14/18,107141000000.0,6247.5,17149419.76790716
3480,7/15/18,107583000000.0,6272.7,17150987.612989623
3481,7/16/18,109039000000.0,6357.01,17152560.716437444
3482,7/17/18,115615000000.0,6739.65,17154451.640663832
3483,7/18/18,125507000000.0,7315.32,17156734.086820535
3484,7/19/18,126601000000.0,7378.2,17158792.11731859
3485,7/20/18,128146000000.0,7467.4,17160725.28590942
3486,7/21/18,126191000000.0,7352.72,17162492.24776681
3487,7/22/18,127325000000.0,7417.8,17164792.79570762
3488,7/23/18,127287000000.0,7414.71,17166821.089428987
3489,7/24/18,132484000000.0,7716.51,17168901.485256936
3490,7/25/18,143887000000.0,8379.66,17170983.070912186
3491,7/26/18,140422000000.0,8176.85,17173116.78702679
3492,7/27/18,136550000000.0,7950.4,17175236.46608976
3493,7/28/18,140320000000.0,8169.06,17177006.90165086
3494,7/29/18,140969000000.0,8205.82,17179148.45804563
3495,7/30/18,141253000000.0,8221.58,17180760.875646774
3496,7/31/18,140575000000.0,8181.2,17182687.136361413
3497,8/1/18,133507000000.0,7769.04,17184491.26275576
3498,8/2/18,131204000000.0,7634.19,17186368.167415272
3499,8/3/18,129982000000.0,7562.14,17188520.709746182
3500,8/4/18,127876000000.0,7438.67,17190707.47862185
3501,8/5/18,120883000000.0,7031.08,17192664.569312252
3502,8/6/18,121442000000.0,7062.94,17194256.21624989
3503,8/7/18,119657000000.0,6958.32,17196248.519757643
3504,8/8/18,116034000000.0,6746.85,17198248.071322173
3505,8/9/18,108456000000.0,6305.56,17200058.361192342
3506,8/10/18,113043000000.0,6571.42,17202218.08984968
3507,8/11/18,106423000000.0,6185.79,17204431.446913004
3508,8/12/18,108119000000.0,6283.65,17206400.738424323
3509,8/13/18,109123000000.0,6341.36,17208138.317332562
3510,8/14/18,108210000000.0,6287.66,17209900.02640092
3511,8/15/18,107083000000.0,6221.42,17211986.97403487
3512,8/16/18,108348000000.0,6294.23,17213860.94883727
3513,8/17/18,109164000000.0,6340.91,17215825.48877054
3514,8/18/18,113352000000.0,6583.43,17217772.4985304
3515,8/19/18,110594000000.0,6422.57,17219586.551800914
3516,8/20/18,111948000000.0,6500.51,17221418.011817534
3517,8/21/18,108525000000.0,6301.07,17223265.254948765
3518,8/22/18,111728000000.0,6486.25,17225361.3412989
3519,8/23/18,109760000000.0,6371.34,17227145.310091753
3520,8/24/18,112876000000.0,6551.52,17228978.923974894
3521,8/25/18,115789000000.0,6719.95,17230634.15650414
3522,8/26/18,116402000000.0,6754.64,17232894.721258275
3523,8/27/18,115662000000.0,6710.8,17235202.956428442
3524,8/28/18,118782000000.0,6891.08,17237065.888075598
3525,8/29/18,122253000000.0,7091.71,17238860.585105706
3526,8/30/18,121440000000.0,7043.76,17240791.84980749
3527,8/31/18,120250000000.0,6973.97,17242689.601475198
3528,9/1/18,121485000000.0,7044.81,17244609.861727994
3529,9/2/18,123994000000.0,7189.58,17246348.187237643
3530,9/3/18,125550000000.0,7279.03,17248177.298348818
3531,9/4/18,125285000000.0,7263.0,17249759.05273303
3532,9/5/18,126995000000.0,7361.46,17251333.2952974
3533,9/6/18,116548000000.0,6755.14,17253232.353437528
3534,9/7/18,112658000000.0,6528.92,17255227.510828745
3535,9/8/18,111484000000.0,6460.17,17257131.00429246
3536,9/9/18,107410000000.0,6223.38,17259110.001317613
3537,9/10/18,108770000000.0,6301.57,17260777.86964201
3538,9/11/18,109304000000.0,6331.88,17262487.60241824
3539,9/12/18,109061000000.0,6317.01,17264655.272035345
3540,9/13/18,109715000000.0,6354.24,17266423.679307047
3541,9/14/18,112509000000.0,6515.41,17268138.15247237
3542,9/15/18,112417000000.0,6509.4,17269948.075091407
3543,9/16/18,112899000000.0,6536.68,17271611.888604
3544,9/17/18,112519000000.0,6514.06,17273252.011802163
3545,9/18/18,108503000000.0,6280.91,17275044.53972434
3546,9/19/18,110087000000.0,6371.85,17277085.93265692
3547,9/20/18,110565000000.0,6398.85,17278886.04983708
3548,9/21/18,112565000000.0,6513.87,17280817.70130506
3549,9/22/18,116400000000.0,6735.05,17282722.474220682
3550,9/23/18,116071000000.0,6715.32,17284507.66307488
3551,9/24/18,115902000000.0,6704.77,17286499.01488045
3552,9/25/18,114167000000.0,6603.64,17288495.43585053
3553,9/26/18,111571000000.0,6452.79,17290350.375573978
3554,9/27/18,112317000000.0,6495.29,17292068.560449187
3555,9/28/18,115502000000.0,6678.75,17293954.70709339
3556,9/29/18,114898000000.0,6643.1,17295840.797218166
3557,9/30/18,114248000000.0,6604.71,17297958.578045063
3558,10/1/18,114523000000.0,6619.85,17299938.82036602
3559,10/2/18,114074000000.0,6593.24,17301660.48862168
3560,10/3/18,113404000000.0,6553.86,17303390.67358778
3561,10/4/18,112448000000.0,6497.91,17305256.61328027
3562,10/5/18,113778000000.0,6574.15,17306876.17410616
3563,10/6/18,114625000000.0,6622.45,17308548.950916957
3564,10/7/18,114086000000.0,6590.68,17310201.678734213
3565,10/8/18,114262000000.0,6600.19,17311925.86880075
3566,10/9/18,115189000000.0,6653.08,17313635.18851419
3567,10/10/18,114979000000.0,6640.29,17315358.214776766
3568,10/11/18,114065000000.0,6586.74,17317367.92404133
3569,10/12/18,108058000000.0,6239.25,17319068.798333135
3570,10/13/18,108741000000.0,6278.08,17320741.373158675
3571,10/14/18,108930000000.0,6288.49,17322123.435037665
3572,10/15/18,109015000000.0,6292.64,17324207.327925958
3573,10/16/18,114376000000.0,6601.41,17325995.50702047
3574,10/17/18,114198000000.0,6590.52,17327616.03029806
3575,10/18/18,113374000000.0,6542.33,17329300.111733895
3576,10/19/18,112272000000.0,6478.07,17331087.808560267
3577,10/20/18,111987000000.0,6460.92,17332980.442413773
3578,10/21/18,112503000000.0,6490.09,17334582.41719298
3579,10/22/18,112446000000.0,6486.05,17336591.60814363
3580,10/23/18,112221000000.0,6472.36,17338497.85858636
3581,10/24/18,112343000000.0,6478.89,17339852.968641233
3582,10/25/18,112455000000.0,6484.65,17341722.375147466
3583,10/26/18,112185000000.0,6468.44,17343439.84020877
3584,10/27/18,112411000000.0,6480.84,17345128.100678306
3585,10/28/18,112454000000.0,6482.66,17346891.553775765
3586,10/29/18,112634000000.0,6492.35,17348725.808066417
3587,10/30/18,109952000000.0,6337.04,17350687.3871713
3588,10/31/18,109963000000.0,6336.99,17352560.1271266
3589,11/1/18,109649000000.0,6318.14,17354632.850807358
3590,11/2/18,110715000000.0,6378.92,17356386.347532183
3591,11/3/18,110872000000.0,6387.24,17358358.226714514
3592,11/4/18,110504000000.0,6365.47,17359912.15102734
3593,11/5/18,110483000000.0,6363.62,17361658.929980107
3594,11/6/18,111616000000.0,6433.38,17349511.454321057
3595,11/7/18,112325000000.0,6468.5,17364922.315838292
3596,11/8/18,113269000000.0,6522.27,17366499.70025773
3597,11/9/18,111895000000.0,6442.6,17367988.079346847
3598,11/10/18,110925000000.0,6386.13,17369674.5916541
3599,11/11/18,111414000000.0,6413.63,17371441.757631794
3600,11/12/18,111393000000.0,6411.76,17373232.934482887
3601,11/13/18,110733000000.0,6373.19,17374815.43779489
3602,11/14/18,110362000000.0,6351.24,17376449.323281754
3603,11/15/18,99682958104.0,5736.15,17378025.000043586
3604,11/16/18,98113403472.0,5645.32,17379600.0
3605,11/17/18,96963597355.0,5578.58,17381412.00000717
3606,11/18/18,96644682433.0,5559.74,17382950.0
3607,11/19/18,97714590429.0,5620.78,17384524.999911044
3608,11/20/18,84565196535.0,4863.93,17386187.000018504
3609,11/21/18,77644518698.0,4465.54,17387487.000004478
3610,11/22/18,80190706020.0,4611.57,17389025.000162635
3611,11/23/18,75835189420.0,4360.7,17390600.0
3612,11/24/18,75616654864.0,4347.69,17392375.000057504
3613,11/25/18,67502139850.0,3880.78,17393961.999907233
3614,11/26/18,69843547925.0,4015.07,17395350.00012453
3615,11/27/18,65516138001.0,3765.95,17396974.999933615
3616,11/28/18,66505099041.0,3822.47,17398461.999963377
3617,11/29/18,74279629167.0,4269.0,17399772.585382994
3618,11/30/18,74634585122.0,4289.09,17401030.316920374
3619,12/1/18,70036047379.0,4024.46,17402594.97646889
3620,12/2/18,73109521141.0,4200.73,17404003.861471698
3621,12/3/18,72185933790.0,4147.32,17405441.05349961
3622,12/4/18,67649345769.0,3886.29,17407179.023953438
3623,12/5/18,68919561379.0,3958.89,17408809.383185692
3624,12/6/18,65360080030.0,3754.07,17410458.523682296
3625,12/7/18,61160857904.0,3512.59,17411897.74610757
3626,12/8/18,59587466117.0,3421.91,17413510.617462177
3627,12/9/18,60486632450.0,3473.23,17415095.588256463
3628,12/10/18,62909648413.0,3612.05,17416605.08935369
3629,12/11/18,60921033135.0,3497.55,17418202.208688937
3630,12/12/18,59600809226.0,3421.46,17419700.7201604
3631,12/13/18,60763482610.0,3487.88,17421322.582772344
3632,12/14/18,57701284562.0,3311.75,17423200.592436023
3633,12/15/18,56526848757.0,3244.0,17425045.856041923
3634,12/16/18,56396680454.0,3236.27,17426444.781801272
3635,12/17/18,56696915384.0,3253.12,17428473.399075348
3636,12/18/18,61785418076.0,3544.76,17430070.88660445
3637,12/19/18,64617021420.0,3706.82,17431928.5587107
3638,12/20/18,65240081810.0,3742.2,17433617.07284485
3639,12/21/18,72072624651.0,4133.7,17435378.631976195
3640,12/22/18,67973007472.0,3898.08,17437560.920247916
3641,12/23/18,70125066347.0,4020.99,17439751.490802016
3642,12/24/18,69772389974.0,4000.33,17441658.556669075
3643,12/25/18,71188017281.0,4081.03,17443639.78725959
3644,12/26/18,66636342448.0,3819.67,17445575.78220108
3645,12/27/18,67255875187.0,3854.69,17447803.89266063
3646,12/28/18,63746591531.0,3653.13,17449855.748631995
3647,12/29/18,68628218811.0,3932.49,17451593.98014998
3648,12/30/18,66715050821.0,3822.38,17453798.633573845
3649,12/31/18,67498451440.0,3866.84,17455713.564564347
3650,1/1/19,65408563939.0,3746.71,17457599.851336237
3651,1/2/19,67205349058.0,3849.22,17459472.06395062
3652,1/3/19,68641707235.0,3931.05,17461418.001551747
3653,1/4/19,66919877209.0,3832.04,17463251.221020658
3654,1/5/19,67275985976.0,3851.97,17465345.258659855
3655,1/6/19,67012776834.0,3836.52,17467073.502549186
3656,1/7/19,71248091616.0,4078.59,17468804.566283938
3657,1/8/19,70381163014.0,4028.47,17470941.328593735
3658,1/9/19,70443209768.0,4031.55,17472984.278503306
3659,1/10/19,70501101879.0,4034.41,17474947.23615101
3660,1/11/19,64209986296.0,3674.02,17476765.58538059
3661,1/12/19,64442814740.0,3686.97,17478529.7249503
3662,1/13/19,63957969973.0,3658.87,17480252.092312653
3663,1/14/19,62189329098.0,3557.31,17482122.474004235
3664,1/15/19,64763571243.0,3704.22,17483727.004065633
3665,1/16/19,63498441639.0,3631.51,17485410.101858456
3666,1/17/19,63860319720.0,3651.87,17487018.9026444
3667,1/18/19,64323389863.0,3677.99,17488734.298625067
3668,1/19/19,63881511658.0,3652.38,17490379.330190178
3669,1/20/19,65166891871.0,3725.45,17492354.446040075
3670,1/21/19,62985679023.0,3600.37,17494223.933373515
3671,1/22/19,62549012271.0,3575.08,17495835.693467
3672,1/23/19,63089014300.0,3605.56,17497701.965852737
3673,1/24/19,62727596281.0,3584.5,17499678.13669968
3674,1/25/19,63134346515.0,3607.39,17501392.00779511
3675,1/26/19,63006939951.0,3599.72,17503289.131099086
3676,1/27/19,63099976995.0,3604.69,17504966.306395277
3677,1/28/19,62749372515.0,3584.28,17506827.735277377
3678,1/29/19,60735178273.0,3468.87,17508634.879081663
3679,1/30/19,60303924652.0,3443.9,17510358.794390082
3680,1/31/19,61037594037.0,3485.41,17512313.91342769
3681,2/1/19,60608857676.0,3460.55,17514226.835618615
3682,2/2/19,61037008774.0,3484.63,17516065.91632397
3683,2/3/19,61595050721.0,3516.14,17517803.81924497
3684,2/4/19,60744291808.0,3467.21,17519646.00009806
3685,2/5/19,60535644042.0,3454.95,17521424.055919766
3686,2/6/19,60790557984.0,3469.09,17523488.287706573
3687,2/7/19,59849023243.0,3414.93,17525695.473406482
3688,2/8/19,59618414743.0,3401.38,17527713.675919775
3689,2/9/19,64361569026.0,3671.59,17529617.693152014
3690,2/10/19,64396168252.0,3673.2,17531353.656757053
3691,2/11/19,64795603230.0,3695.61,17533128.016755015
3692,2/12/19,63874730586.0,3642.75,17534755.49680873
3693,2/13/19,64071958915.0,3653.6,17536664.90995183
3694,2/14/19,63685110570.0,3631.17,17538454.704681963
3695,2/15/19,63448773426.0,3617.37,17540028.64677929
3696,2/16/19,63418660983.0,3615.27,17541887.876424167
3697,2/17/19,63743192950.0,3633.36,17543869.29728956
3698,2/18/19,64417241392.0,3671.37,17545832.0441688
3699,2/19/19,68640955336.0,3911.66,17547781.590424526
3700,2/20/19,69261776136.0,3946.68,17549377.23250935
3701,2/21/19,70208132042.0,4000.26,17550892.202506837
3702,2/22/19,69376147290.0,3952.41,17552872.118530214
3703,2/23/19,70199836886.0,3998.92,17554698.99022736
3704,2/24/19,72779408506.0,4145.46,17556413.161868647
3705,2/25/19,66844049271.0,3807.0,17558195.237982664
3706,2/26/19,68110711262.0,3878.7,17560190.595302552
3707,2/27/19,67744872842.0,3857.48,17561950.50706679
3708,2/28/19,67590082470.0,3848.26,17563803.503401536
3709,3/1/19,67694732251.0,3853.76,17565892.07708835
3710,3/2/19,67728390987.0,3855.32,17567514.7554548
3711,3/3/19,67857497568.0,3862.27,17569330.359607175
3712,3/4/19,67562261232.0,3845.09,17571048.072216775
3713,3/5/19,66071077331.0,3759.83,17572889.55378302
3714,3/6/19,68489324544.0,3897.08,17574523.628973488
3715,3/7/19,68607053125.0,3903.38,17576319.273296475
3716,3/8/19,68787274721.0,3913.23,17578132.31550407
3717,3/9/19,68465716202.0,3894.55,17579878.600095004
3718,3/10/19,69731460717.0,3966.17,17581561.233381324
3719,3/11/19,69519895117.0,3953.74,17583324.932089616
3720,3/12/19,68648040998.0,3903.76,17585107.94669754
3721,3/13/19,68818024820.0,3913.05,17586799.25377902
3722,3/14/19,68694204013.0,3905.58,17588733.04682019
3723,3/15/19,69072522434.0,3926.66,17590655.272929158
3724,3/16/19,69735581445.0,3963.9,17592669.200787105
3725,3/17/19,71217640060.0,4047.72,17594507.540047236
3726,3/18/19,70913470232.0,4029.97,17596525.5900168
3727,3/19/19,70970153383.0,4032.69,17598712.864861917
3728,3/20/19,71648688671.0,4070.79,17600684.061570358
3729,3/21/19,71887674694.0,4083.95,17602486.488326255
3730,3/22/19,70919972609.0,4028.51,17604516.95763446
3731,3/23/19,70825023305.0,4022.71,17606296.080254357
3732,3/24/19,71051773088.0,4035.16,17608167.4798521
3733,3/25/19,70864790002.0,4024.11,17610052.906605434
3734,3/26/19,69905001306.0,3969.23,17611728.548358247
3735,3/27/19,70176645324.0,3984.24,17613558.75248479
3736,3/28/19,72004355347.0,4087.58,17615399.661168713
3737,3/29/19,71672337581.0,4068.3,17617269.518226285
3738,3/30/19,72099362948.0,4092.14,17618987.363091193
3739,3/31/19,72340436269.0,4105.46,17620543.439468414
3740,4/1/19,72338651929.0,4105.36,17620538.011039227
3741,4/2/19,73247080188.0,4156.92,17620517.158858
3742,4/3/19,86014996911.0,4879.96,17626168.433962572
3743,4/4/19,87633858252.0,4971.31,17627920.659142155
3744,4/5/19,86788602979.0,4922.81,17629890.850753937
3745,4/6/19,88806677651.0,5036.79,17631602.201203544
3746,4/7/19,89274149502.0,5062.79,17633389.791399606
3747,4/8/19,91700428798.0,5199.84,17635240.468552876
3748,4/9/19,93297760982.0,5289.92,17636894.505398948
3749,4/10/19,91794027478.0,5204.11,17638756.19039567
3750,4/11/19,93938159484.0,5325.08,17640703.89252368
3751,4/12/19,89292642236.0,5061.2,17642583.228483364
3752,4/13/19,89789008279.0,5088.85,17644263.10050404
3753,4/14/19,89918802991.0,5095.76,17645808.08181704
3754,4/15/19,91190701763.0,5167.32,17647581.679284427
3755,4/16/19,89422213792.0,5066.58,17649423.0411836
3756,4/17/19,92423729779.0,5236.14,17651118.911831997
3757,4/18/19,92704301183.0,5251.48,17652985.669373207
3758,4/19/19,93538418151.0,5298.15,17654920.708360467
3759,4/20/19,93653162039.0,5304.16,17656549.2064719
3760,4/21/19,94224062935.0,5335.88,17658579.828444418
3761,4/22/19,93819885518.0,5312.49,17660246.987382565
3762,4/23/19,95362088391.0,5399.37,17661706.530761924
3763,4/24/19,98413699286.0,5571.51,17663739.145402234
3764,4/25/19,96568863409.0,5466.52,17665509.94215698
3765,4/26/19,92052355301.0,5210.3,17667381.014720842
3766,4/27/19,93283697548.0,5279.47,17669140.566761434
3767,4/28/19,93154635949.0,5271.75,17670533.684070755
3768,4/29/19,93400432918.0,5284.86,17673208.546300188
3769,4/30/19,92753308101.0,5247.73,17674939.088139065
3770,5/1/19,94585641438.0,5350.91,17676552.48135364
3771,5/2/19,95511607850.0,5402.42,17679411.79138238
3772,5/3/19,97340866767.0,5505.55,17680498.182197962
3773,5/4/19,102016000000.0,5769.2,17682867.64196076
3774,5/5/19,103120000000.0,5831.07,17684575.90116394
3775,5/6/19,102434000000.0,5791.69,17686374.78870589
3776,5/7/19,101628000000.0,5745.6,17687969.92481203
3777,5/8/19,103477000000.0,5849.48,17689948.508243468
3778,5/9/19,105838000000.0,5982.32,17691798.49957876
3779,5/10/19,109271000000.0,6175.82,17693358.9385701
3780,5/11/19,112888000000.0,6379.67,17694959.143654767
3781,5/12/19,127480000000.0,7203.51,17696928.303007837
3782,5/13/19,123383000000.0,6971.18,17699012.218878295
3783,5/14/19,138207000000.0,7807.88,17700963.64185925
3784,5/15/19,141434000000.0,7989.37,17702772.559037823
3785,5/16/19,145081000000.0,8194.5,17704679.9682714
3786,5/17/19,139650000000.0,7886.93,17706509.376905844
3787,5/18/19,130009000000.0,7341.66,17708392.924760886
3788,5/19/19,128719000000.0,7267.96,17710471.714208663
3789,5/20/19,145188000000.0,8196.92,17712506.648838833
3790,5/21/19,141325000000.0,7977.97,17714406.045648202
3791,5/22/19,140958000000.0,7956.29,17716548.793470323
3792,5/23/19,136029000000.0,7677.27,17718407.715242527
3793,5/24/19,139667000000.0,7881.7,17720415.64637071
3794,5/25/19,141633000000.0,7991.89,17722090.769517597
3795,5/26/19,142772000000.0,8055.21,17724180.99590203
3796,5/27/19,153759000000.0,8674.07,17726280.74248882
3797,5/28/19,156058000000.0,8802.76,17728303.39575315
3798,5/29/19,154585000000.0,8718.59,17730504.5884713
3799,5/30/19,153595000000.0,8661.76,17732539.345352445
3800,5/31/19,147552000000.0,8320.29,17733997.25249961
3801,6/1/19,152064000000.0,8573.84,17735810.3253618
3802,6/2/19,151929000000.0,8565.47,17737380.43563284
3803,6/3/19,155070000000.0,8741.75,17739011.067578003
3804,6/4/19,145670000000.0,8210.99,17740857.070828244
3805,6/5/19,136697000000.0,7704.34,17742856.623669256
3806,6/6/19,138758000000.0,7819.63,17744829.358933862
3807,6/7/19,138903000000.0,7826.9,17746872.963753212
3808,6/8/19,142640000000.0,8036.77,17748423.807076722
3809,6/9/19,141108000000.0,7949.67,17750170.761805207
3810,6/10/19,136555000000.0,7692.28,17752213.90797007
3811,6/11/19,142107000000.0,8004.24,17753965.39833888
3812,6/12/19,140721000000.0,7925.43,17755629.662996203
3813,6/13/19,144644000000.0,8145.55,17757425.83373744
3814,6/14/19,146177000000.0,8230.9,17759540.26898638
3815,6/15/19,154342000000.0,8689.75,17761385.54043557
3816,6/16/19,157051000000.0,8841.44,17763056.696646698
3817,6/17/19,159686000000.0,8988.92,17764759.281426467
3818,6/18/19,165861000000.0,9335.47,17766754.110933892
3819,6/19/19,161320000000.0,9078.73,17769005.13618094
3820,6/20/19,164789000000.0,9273.06,17770725.089668352
3821,6/21/19,169283000000.0,9525.07,17772362.827779744
3822,6/22/19,180869000000.0,10175.92,17774215.99226409
3823,6/23/19,190149000000.0,10696.69,17776433.644426454
3824,6/24/19,192965000000.0,10853.74,17778664.312946506
3825,6/25/19,195713000000.0,11007.2,17780452.794534486
3826,6/26/19,209454000000.0,11778.58,17782618.957463462
3827,6/27/19,231501000000.0,13017.12,17784348.61167447
3828,6/28/19,198535000000.0,11162.17,17786416.08217757
3829,6/29/19,220591000000.0,12400.76,17788506.510891266
3830,6/30/19,212275000000.0,11931.99,17790410.484755687
3831,7/1/19,192102000000.0,10796.93,17792279.842510786
3832,7/2/19,188416000000.0,10588.68,17794097.092366565
3833,7/3/19,192524000000.0,10818.16,17796372.026296522
3834,7/4/19,213096000000.0,11972.72,17798461.836575147
3835,7/5/19,199423000000.0,11203.1,17800698.021083448
3836,7/6/19,195522000000.0,10982.54,17802985.46602152
3837,7/7/19,199729000000.0,11217.62,17804935.449765634
3838,7/8/19,203832000000.0,11446.6,17807209.12760121
3839,7/9/19,218773000000.0,12284.33,17809111.282422405
3840,7/10/19,223908000000.0,12571.54,17810705.76874432
3841,7/11/19,216236000000.0,12139.71,17812287.11394259
3842,7/12/19,202270000000.0,11354.3,17814396.30800666
3843,7/13/19,210464000000.0,11813.13,17816108.008631077
