,Date,BTC,ETH,LTC,BCH,EOS,BNB,XLM,TRX,ADA,NEO
0,2017-07-02,810428621.22,923939163.1,188749174.39,0.0,0.0,0.0,0.0,0.0,0.0,0.0
1,2017-07-03,950798571.82,628074672.98,521853785.22,0.0,0.0,0.0,0.0,0.0,0.0,0.0
2,2017-07-04,979681432.8,532311719.39,866681573.2,0.0,0.0,0.0,0.0,0.0,0.0,0.0
3,2017-07-05,929079797.89,628883924.55,633140558.45,0.0,0.0,0.0,0.0,0.0,0.0,0.0
4,2017-07-06,707934074.47,457341367.49,276903882.31,0.0,0.0,0.0,0.0,0.0,0.0,0.0
5,2017-07-07,869514590.46,531025098.03,422691148.87,0.0,0.0,0.0,0.0,0.0,0.0,0.0
6,2017-07-08,725208214.52,591031718.7,539570188.12,0.0,0.0,0.0,0.0,0.0,0.0,0.0
7,2017-07-09,476642968.64,288233782.27,319578488.04,0.0,0.0,0.0,0.0,0.0,0.0,0.0
8,2017-07-10,1073098637.97,769627088.33,300549377.11,0.0,0.0,0.0,0.0,0.0,0.0,0.0
9,2017-07-11,1306972486.1,1196845278.37,335288617.76,0.0,0.0,0.0,0.0,0.0,0.0,0.0
10,2017-07-12,1119543663.03,1069481675.1,319178269.61,0.0,0.0,0.0,0.0,0.0,0.0,0.0
11,2017-07-13,847892260.56,666779601.48,199504632.46,0.0,0.0,0.0,0.0,0.0,0.0,0.0
12,2017-07-14,897201697.32,574913090.23,261387031.93,0.0,0.0,0.0,0.0,0.0,0.0,0.0
13,2017-07-15,1042453939.27,623802018.66,269799147.38,0.0,0.0,0.0,0.0,0.0,0.0,0.0
14,2017-07-16,1199271768.78,1272110683.62,340202566.25,0.0,0.0,0.0,0.0,0.0,0.0,0.0
15,2017-07-17,1281354916.17,1397749063.37,302846053.63,0.0,0.0,0.0,0.0,0.0,0.0,0.0
16,2017-07-18,1577354559.37,2190064702.56,325280909.28,0.0,0.0,0.0,0.0,0.0,0.0,0.0
17,2017-07-19,1294969240.83,1744752177.65,192562534.62,0.0,0.0,0.0,0.0,0.0,0.0,0.0
18,2017-07-20,2424784728.26,1789506145.62,290432636.35,0.0,0.0,0.0,0.0,0.0,0.0,0.0
19,2017-07-21,1589741031.74,851949527.1,260368666.24,0.0,0.0,0.0,0.0,0.0,0.0,0.0
20,2017-07-22,1278968996.78,559591659.55,122930444.83,0.0,0.0,0.0,0.0,0.0,0.0,0.0
21,2017-07-23,1103492870.48,506212944.22,166958495.23,0.0,0.0,0.0,0.0,0.0,0.0,0.0
22,2017-07-24,853411053.67,329153802.52,116051149.34,0.0,0.0,0.0,0.0,0.0,0.0,0.0
23,2017-07-25,1521635733.62,911973924.06,164072624.52,0.0,0.0,0.0,0.0,0.0,0.0,0.0
24,2017-07-26,1024810359.51,630673234.9,114087739.17,0.0,0.0,0.0,0.0,0.0,0.0,0.0
25,2017-07-27,847090219.98,342938028.57,71256567.05,0.0,0.0,0.0,0.0,0.0,0.0,0.0
26,2017-07-28,1415485817.51,485391458.03,112035636.38,0.0,0.0,0.0,0.0,0.0,0.0,0.0
27,2017-07-29,825701538.59,740738290.21,88460433.6,0.0,0.0,0.0,0.0,0.0,0.0,0.0
28,2017-07-30,741445878.3,511412705.11,67842302.29,0.0,0.0,0.0,0.0,0.0,0.0,0.0
29,2017-07-31,918785355.48,497101005.45,216622900.7,0.0,0.0,0.0,0.0,0.0,0.0,0.0
30,2017-08-01,1374735183.58,1268614372.4,191718008.49,0.0,0.0,0.0,0.0,0.0,0.0,0.0
31,2017-08-02,1045911920.91,546166991.91,93076051.01,0.0,0.0,0.0,0.0,0.0,0.0,0.0
32,2017-08-03,862676118.67,484574401.73,84739575.83,0.0,0.0,0.0,0.0,0.0,0.0,0.0
33,2017-08-04,1017019681.61,471284229.44,102516816.87,6931922.05,0.0,0.0,0.0,0.0,0.0,0.0
34,2017-08-05,2014665421.93,1106535812.06,220688874.86,0.0,0.0,0.0,0.0,0.0,0.0,0.0
35,2017-08-06,1119674156.76,1142789893.88,129273216.89,0.0,0.0,0.0,0.0,0.0,0.0,0.0
36,2017-08-07,1455892765.98,791004697.04,93492855.5,0.0,0.0,0.0,0.0,0.0,0.0,0.0
37,2017-08-08,1712264605.29,1169013467.34,183298714.9,14219478.35,0.0,0.0,0.0,0.0,0.0,0.0
38,2017-08-09,1471128838.55,1938655754.6,227792197.09,0.0,0.0,0.0,0.0,0.0,0.0,0.0
39,2017-08-10,1460228252.37,910298356.14,109102862.08,3988027.99,0.0,0.0,0.0,0.0,0.0,0.0
40,2017-08-11,1967283130.85,796456456.87,121333087.07,0.0,0.0,0.0,0.0,0.0,0.0,0.0
41,2017-08-12,2271316613.66,882611275.59,123092582.77,0.0,0.0,0.0,0.0,0.0,0.0,0.0
42,2017-08-13,3173843035.94,1144972389.49,218499953.33,0.0,0.0,0.0,0.0,0.0,0.0,0.0
43,2017-08-14,2490455857.63,709314655.92,103058422.06,0.0,0.0,0.0,0.0,0.0,0.0,0.0
44,2017-08-15,3356935079.09,892611481.04,189257564.52,7460940.81,0.0,0.0,0.0,0.0,0.0,0.0
45,2017-08-16,2326909361.32,782777663.88,107802849.27,0.0,0.0,0.0,0.0,0.0,0.0,0.0
46,2017-08-17,2545365368.63,735303476.5,93662734.71,92051507.39,0.0,0.0,0.0,0.0,0.0,0.0
47,2017-08-18,2786713907.29,739952463.55,263207176.27,647451293.05,0.0,0.0,0.0,0.0,0.0,0.0
48,2017-08-19,2811992754.32,705335815.4,133863426.24,324926486.67,0.0,0.0,0.0,0.0,0.0,0.0
49,2017-08-20,1640721415.82,471585668.29,121246166.99,192582016.87,0.0,0.0,0.0,0.0,0.0,0.0
50,2017-08-21,11937314254.79,1779789702.28,184743047.45,118670992.85,0.0,0.0,0.0,0.0,0.0,0.0
51,2017-08-22,2854619392.86,1014011137.5,143214177.92,73106291.19,0.0,0.0,0.0,0.0,0.0,0.0
52,2017-08-23,2273567527.72,601952693.61,401690989.18,81485925.78,0.0,0.0,0.0,0.0,0.0,0.0
53,2017-08-24,1908566553.48,521424050.49,343665952.55,56450766.71,0.0,0.0,0.0,0.0,0.0,0.0
54,2017-08-25,1653102731.2,572765746.78,145414852.64,91731649.47,0.0,0.0,0.0,0.0,0.0,0.0
55,2017-08-26,1455494425.08,391205353.9,111818290.57,32367619.87,0.0,0.0,0.0,0.0,0.0,0.0
56,2017-08-27,1408143290.36,479161004.36,767054730.3,0.0,0.0,0.0,0.0,0.0,0.0,0.0
57,2017-08-28,1914971079.3,661584506.71,494523069.6,23738186.65,0.0,0.0,0.0,0.0,0.0,0.0
58,2017-08-29,2396992104.52,991048598.91,269107356.62,5418159.7,0.0,0.0,0.0,0.0,0.0,0.0
59,2017-08-30,1880989237.44,1029257839.71,220315854.04,78704294.12,0.0,0.0,0.0,0.0,0.0,0.0
60,2017-08-31,1823347576.57,478502279.45,561952579.61,14250881.76,0.0,0.0,0.0,0.0,0.0,0.0
61,2017-09-01,2525926297.96,676944358.41,1391886629.28,10329880.34,0.0,0.0,0.0,0.0,0.0,0.0
62,2017-09-02,2708521025.36,1170140455.64,1171437219.41,0.0,0.0,0.0,0.0,0.0,0.0,0.0
63,2017-09-03,1964463969.61,789202709.82,622947722.03,28925776.15,0.0,0.0,0.0,0.0,0.0,0.0
64,2017-09-04,2867145344.01,1444372265.04,847369324.49,28722242.92,0.0,0.0,0.0,0.0,0.0,0.0
65,2017-09-05,2608176371.31,1189094573.36,906110912.62,27996158.91,0.0,0.0,0.0,0.0,0.0,0.0
66,2017-09-06,2044495075.05,825379226.8,765011994.29,0.0,0.0,0.0,0.0,0.0,0.0,0.0
67,2017-09-07,1723917105.76,595052502.48,484434755.78,8603070.97,0.0,0.0,0.0,0.0,0.0,0.0
68,2017-09-08,2735354488.41,885935213.7,871029598.36,0.0,0.0,0.0,0.0,0.0,0.0,0.0
69,2017-09-09,1460125929.77,432586842.83,461654539.75,40240063.9,0.0,0.0,0.0,0.0,0.0,0.0
70,2017-09-10,1761651647.63,583980262.57,525035208.58,0.0,0.0,0.0,0.0,0.0,0.0,0.0
71,2017-09-11,1485815675.33,471241671.9,370989401.5,0.0,0.0,0.0,0.0,0.0,0.0,0.0
72,2017-09-12,1805289645.33,606178102.77,441602942.51,0.0,0.0,0.0,0.0,0.0,0.0,0.0
73,2017-09-13,2176896394.98,779900628.49,432734841.43,15597462.21,0.0,0.0,0.0,0.0,0.0,0.0
74,2017-09-14,2710166067.93,984238976.4,633618571.12,0.0,0.0,0.0,0.0,0.0,0.0,0.0
75,2017-09-15,4076842653.99,1635304860.13,1258466699.06,86210556.16,0.0,0.0,0.0,0.0,0.0,0.0
76,2017-09-16,1866248806.05,643537953.64,487991746.58,39611845.25,0.0,0.0,0.0,0.0,0.0,0.0
77,2017-09-17,1373926640.89,385369839.45,242409148.01,17752890.58,0.0,0.0,0.0,0.0,0.0,0.0
78,2017-09-18,1974229220.2,983502919.47,379728816.93,25304426.99,0.0,0.0,0.0,0.0,0.0,0.0
79,2017-09-19,1572541336.66,571251133.35,266870328.72,53848796.91,0.0,0.0,0.0,0.0,0.0,0.0
80,2017-09-20,1243631865.13,367472803.87,152441863.72,57126062.04,0.0,0.0,0.0,0.0,0.0,0.0
81,2017-09-21,1466779219.54,550243304.93,224572673.53,5921362.47,0.0,0.0,0.0,0.0,0.0,0.0
82,2017-09-22,1231256791.66,391984985.48,207273208.97,0.0,0.0,0.0,0.0,0.0,0.0,0.0
83,2017-09-23,1001249067.6,408831225.51,141261705.43,31233512.83,0.0,0.0,0.0,0.0,0.0,0.0
84,2017-09-24,835636766.88,517931868.83,86922937.96,4679425.44,0.0,0.0,0.0,0.0,0.0,0.0
85,2017-09-25,1332443236.61,444041991.74,199440927.72,0.0,0.0,0.0,0.0,0.0,0.0,0.0
86,2017-09-26,1045218989.54,300574207.67,169478270.54,2074186.27,0.0,0.0,0.0,0.0,0.0,0.0
87,2017-09-27,1715003548.3,493558890.65,221467998.55,15349972.87,0.0,0.0,0.0,0.0,0.0,0.0
88,2017-09-28,1742624711.43,456317467.48,196518623.83,5179739.71,0.0,0.0,0.0,0.0,0.0,0.0
89,2017-09-29,1397886277.39,490498236.76,175616582.4,3590977.89,0.0,0.0,0.0,0.0,0.0,0.0
90,2017-09-30,1247169021.71,293403793.43,120977683.6,0.0,0.0,0.0,0.0,0.0,0.0,0.0
91,2017-10-01,1245920714.1,279774628.21,89897844.5,11617200.72,0.0,0.0,0.0,0.0,0.0,0.0
92,2017-10-02,1424628148.27,307853980.5,84151565.9,6225315.03,0.0,0.0,0.0,0.0,0.0,0.0
93,2017-10-03,1283265395.26,286124226.27,76469013.07,0.0,0.0,0.0,0.0,0.0,0.0,0.0
94,2017-10-04,1087883150.71,232004742.65,67022906.09,0.0,0.0,0.0,0.0,0.0,0.0,0.0
95,2017-10-05,1168782020.99,215397207.14,60131238.67,6872904.6,0.0,0.0,0.0,0.0,0.0,0.0
96,2017-10-06,1042520133.77,271875209.62,50021944.98,0.0,0.0,0.0,0.0,0.0,0.0,0.0
97,2017-10-07,897343913.92,309060138.0,43964776.73,0.0,0.0,0.0,0.0,0.0,0.0,0.0
98,2017-10-08,1392430826.36,255948289.31,91211355.53,8206381.8,0.0,0.0,0.0,0.0,0.0,0.0
99,2017-10-09,2006109089.64,502859344.12,133724429.39,0.0,0.0,0.0,0.0,0.0,0.0,0.0
100,2017-10-10,1675732947.54,319906686.0,79291700.33,8588957.32,0.0,0.0,0.0,0.0,0.0,0.0
101,2017-10-11,1229776525.17,219160222.03,46443152.3,0.0,0.0,0.0,0.0,0.0,0.0,0.0
102,2017-10-12,2812822558.7,460501629.9,297463216.75,0.0,0.0,0.0,0.0,0.0,0.0,0.0
103,2017-10-13,3728082334.72,1129336705.14,318064638.13,0.0,0.0,0.0,0.0,0.0,0.0,0.0
104,2017-10-14,1835571209.04,451238769.28,276943642.06,0.0,0.0,0.0,0.0,0.0,0.0,0.0
105,2017-10-15,1988727835.71,539055983.66,392685522.94,4898171.12,0.0,0.0,0.0,0.0,0.0,0.0
106,2017-10-16,1802889835.66,541795896.07,162458086.37,0.0,0.0,0.0,0.0,0.0,0.0,0.0
107,2017-10-17,1615599362.25,403002696.11,163446848.04,0.0,0.0,0.0,0.0,0.0,0.0,0.0
108,2017-10-18,2197828814.18,469279695.46,225646312.73,0.0,0.0,0.0,0.0,0.0,0.0,0.0
109,2017-10-19,1830368085.07,300812187.13,141603759.32,0.0,0.0,0.0,0.0,0.0,0.0,0.0
110,2017-10-20,2310038735.84,324595108.09,125933040.64,0.0,0.0,0.0,0.0,0.0,0.0,0.0
111,2017-10-21,2174101681.65,334006140.3,113248658.3,0.0,0.0,0.0,0.0,0.0,0.0,0.0
112,2017-10-22,2154180016.11,253942552.53,76701461.77,22708782.73,0.0,0.0,0.0,0.0,0.0,0.0
113,2017-10-23,2441954304.27,372248763.49,152148486.32,0.0,0.0,0.0,0.0,0.0,0.0,0.0
114,2017-10-24,2791849292.69,551156500.56,167457158.72,0.0,0.0,0.0,0.0,0.0,0.0,0.0
115,2017-10-25,2006726030.44,247415448.56,93584728.68,11848622.92,0.0,0.0,0.0,0.0,0.0,0.0
116,2017-10-26,1904466089.84,201832157.52,62377167.29,3258968.76,0.0,0.0,0.0,0.0,0.0,0.0
117,2017-10-27,1680592040.24,187466027.61,59282273.88,0.0,0.0,0.0,0.0,0.0,0.0,0.0
118,2017-10-28,1323055587.67,190903702.61,51400218.84,41525424.36,0.0,0.0,0.0,0.0,0.0,0.0
119,2017-10-29,2748027628.23,432476249.22,110646261.67,46771438.71,0.0,0.0,0.0,0.0,0.0,0.0
120,2017-10-30,1738930512.91,260727625.1,100007103.93,0.0,0.0,0.0,0.0,0.0,0.0,0.0
121,2017-10-31,2355038645.09,309934987.95,75326678.12,0.0,0.0,0.0,0.0,0.0,0.0,0.0
122,2017-11-01,2968386250.13,494268380.79,87726232.49,179524981.34,0.0,0.0,0.0,0.0,0.0,0.0
123,2017-11-02,4611111275.8,784559442.02,189896209.38,43394499.31,0.0,0.0,0.0,0.0,0.0,0.0
124,2017-11-03,3299947901.56,561556640.65,123095208.84,0.0,0.0,0.0,0.0,0.0,0.0,0.0
125,2017-11-04,2461332182.33,354643700.8,62957397.2,40531017.94,0.0,0.0,0.0,0.0,0.0,0.0
126,2017-11-05,2334587108.2,285746508.95,62371275.09,92155521.42,0.0,0.0,0.0,0.0,0.0,0.0
127,2017-11-06,3047761026.23,481362562.32,104884991.06,0.0,0.0,0.0,0.0,0.0,0.0,0.0
128,2017-11-07,2300738050.91,454211202.76,327748372.64,5266831.18,0.0,6073703.58,0.0,0.0,0.0,0.0
129,2017-11-08,4366532535.29,833158329.14,295540645.34,99128874.43,0.0,13333518.75,0.0,0.0,0.0,0.0
130,2017-11-09,3071946905.22,769609153.63,233415290.53,146023342.96,0.0,11828774.06,0.0,0.0,0.0,0.0
131,2017-11-10,4587859118.83,755561930.0,240316815.54,890985494.48,0.0,8285383.02,0.0,0.0,0.0,0.0
132,2017-11-11,3940569463.35,678716501.84,213296791.67,749930437.46,0.0,5788101.98,0.0,0.0,0.0,0.0
133,2017-11-12,6660863436.68,1205268057.62,237817030.85,1035893856.36,0.0,9715138.14,0.0,0.0,0.0,0.0
134,2017-11-13,4942287737.61,756715733.9,182992683.16,517064223.42,0.0,7087946.42,0.0,0.0,0.0,0.0
135,2017-11-14,2780663692.71,840323607.21,139061604.77,351084648.05,0.0,3960808.85,0.0,0.0,0.0,0.0
136,2017-11-15,3502784033.75,600805126.44,155165360.49,355778305.11,0.0,5670132.43,0.0,0.0,0.0,0.0
137,2017-11-16,4210065848.18,663960081.37,307477226.65,239750310.34,0.0,8645095.33,0.0,0.0,0.0,0.0
138,2017-11-17,3817871675.46,512320639.22,273206160.92,207839283.39,0.0,8442610.18,0.0,0.0,0.0,0.0
139,2017-11-18,3226950193.59,538946909.8,133301382.98,264471652.53,0.0,31308981.28,0.0,0.0,0.0,0.0
140,2017-11-19,2742586726.46,914672718.51,186247516.23,56279981.93,0.0,33991252.84,0.0,0.0,0.0,0.0
141,2017-11-20,3032557753.46,681305317.2,150819701.94,13104852.31,0.0,12942184.57,0.0,0.0,0.0,0.0
142,2017-11-21,3630422267.94,768181552.87,176614823.87,18453837.65,0.0,4981400.55,0.0,0.0,0.0,0.0
143,2017-11-22,3062411770.1,640279082.16,117088054.6,222791267.4,0.0,6231989.79,0.0,0.0,0.0,0.0
144,2017-11-23,3412192355.85,1420940505.63,228865874.43,383859968.5,0.0,7469539.86,0.0,0.0,0.0,0.0
145,2017-11-24,3709915463.66,1542614764.32,185540229.72,382963910.69,0.0,10740341.74,0.0,0.0,0.0,0.0
146,2017-11-25,3656299976.91,1089060060.98,362171457.41,153617932.6,0.0,11999703.4,0.0,0.0,0.0,0.0
147,2017-11-26,4254884222.12,830878689.8,227947935.51,134218887.5,0.0,6325063.94,0.0,0.0,0.0,0.0
148,2017-11-27,4517211115.55,1035527119.84,302480311.04,76494970.78,0.0,7026883.74,0.0,0.0,0.0,0.0
149,2017-11-28,4937075832.38,953844270.53,259028483.18,79048217.99,0.0,6091620.24,0.0,0.0,0.0,0.0
150,2017-11-29,8564079564.01,1788837562.76,520425843.74,271966557.54,0.0,17887590.57,0.0,0.0,0.0,0.0
151,2017-11-30,6115383132.01,1273682916.4,321317747.82,233589910.78,0.0,21413484.4,0.0,0.0,0.0,0.0
152,2017-12-01,5235529945.79,901426414.17,404151931.64,59155041.29,0.0,18841609.24,0.0,0.0,0.0,0.0
153,2017-12-02,4206324328.14,776255768.73,319408513.83,0.0,0.0,14197570.86,0.0,0.0,0.0,0.0
154,2017-12-03,5881141303.64,795825454.89,284229738.89,41265943.28,0.0,24111199.47,0.0,0.0,0.0,0.0
155,2017-12-04,4904147854.6,793123673.27,261570754.43,26270966.51,0.0,27303169.72,0.0,0.0,0.0,58423282.77
156,2017-12-05,5674001946.65,1008170703.86,259478137.91,0.0,0.0,27311584.62,0.0,0.0,0.0,84596492.89
157,2017-12-06,10536880260.21,1702433533.6,437302323.94,0.0,0.0,24608980.39,0.0,0.0,0.0,95477701.56
158,2017-12-07,15841796198.58,1799884903.5,526308143.14,0.0,0.0,22913388.54,0.0,0.0,0.0,103300488.45
159,2017-12-08,18273664331.14,1960943641.57,1275165557.25,0.0,0.0,32638752.55,0.0,0.0,0.0,110699783.78
160,2017-12-09,10495876537.72,1662821953.9,2006349308.76,59327220.1,0.0,23478579.59,0.0,0.0,0.0,81494383.52
161,2017-12-10,1369046372924.51,1136038545.73,925905772.5,255637764.17,0.0,16775641.42,0.0,0.0,0.0,59247930.11
162,2017-12-11,9568050346.79,1449138320.51,2339430548.74,167731801.0,0.0,15824064.2,0.0,0.0,0.0,66683745.37
163,2017-12-12,11283123086.2,3766302926.88,4932437298.79,0.0,0.0,18620084.29,0.0,0.0,0.0,110633798.85
164,2017-12-13,10571600593.03,3577677051.81,2626590282.41,177006788.44,0.0,21476778.06,0.0,0.0,0.0,258087138.71
165,2017-12-14,10196223728.02,2732711828.09,1461395763.26,194570332.8,0.0,33812736.21,0.0,0.0,0.0,266255145.03
166,2017-12-15,11447715325.02,2285517610.42,2092503668.57,49373329.97,0.0,56722826.7,0.0,0.0,0.0,187614182.26
167,2017-12-16,10328310069.09,1727433669.15,1014309576.75,0.0,0.0,51660583.41,0.0,0.0,0.0,139103552.39
168,2017-12-17,11279599868.98,1873114110.78,1331163296.43,48007648.44,0.0,103925850.61,0.0,0.0,0.0,465862997.57
169,2017-12-18,12037963221.8,2766557172.75,1605790603.55,105281387.87,0.0,67956763.28,0.0,0.0,0.0,416705570.08
170,2017-12-19,13872177458.35,3491119003.23,1767300893.35,270479711.4,0.0,73669459.56,0.0,0.0,0.0,279446238.21
171,2017-12-20,16784873187.75,3287655915.79,1681343141.33,3136338639.89,0.0,44968340.35,0.0,0.0,0.0,303068983.19
172,2017-12-21,13159863017.55,2836746434.85,1225122384.49,0.0,0.0,44780708.88,0.0,0.0,0.0,206997875.58
173,2017-12-22,18284516962.27,4030076368.64,2318171425.1,183728664.59,0.0,35073058.6,0.0,0.0,0.0,273941380.29
174,2017-12-23,10518708283.04,1900756407.82,986740566.63,99823613.99,0.0,31871746.94,0.0,0.0,0.0,122247828.02
175,2017-12-24,9589672301.19,1804370002.26,800400966.48,205270438.62,0.0,41205749.6,0.0,0.0,0.0,136383708.7
176,2017-12-25,8471899444.06,1810741175.29,537678014.3,0.0,0.0,62816356.41,0.0,0.0,0.0,155311497.26
177,2017-12-26,10619418963.3,1672257421.01,625599876.33,106476372.29,0.0,163547420.44,0.0,0.0,0.0,165259843.38
178,2017-12-27,9781243264.4,1589421667.39,579236927.24,0.0,0.0,156548887.55,0.0,0.0,0.0,139560366.93
179,2017-12-28,9629649266.17,1740933714.18,672243049.91,322395820.19,0.0,102572163.18,0.0,0.0,0.0,113944544.41
180,2017-12-29,10095129368.68,1878885534.79,595457753.73,259884909.38,0.0,64197051.01,0.0,0.0,0.0,142585895.66
181,2017-12-30,11223386958.52,2345320209.31,682967213.42,122938221.29,0.0,66099381.97,0.0,0.0,0.0,179082563.77
182,2017-12-31,9248259171.02,1775694133.1,537469065.62,0.0,0.0,71650058.26,0.0,0.0,0.0,150954678.58
183,2018-01-01,7760919304.43,1810410232.74,423344852.31,161833600.48,0.0,63308982.05,0.0,0.0,0.0,115541803.05
184,2018-01-02,12860257119.03,3835508716.82,894954542.13,93315741.09,0.0,97644897.92,0.0,0.0,0.0,312736949.33
185,2018-01-03,12537111520.34,3609673185.72,712387512.52,201185790.99,0.0,99120354.08,0.0,0.0,0.0,250736722.49
186,2018-01-04,13706341667.3,3758627579.81,743797051.26,99688344.36,0.0,125961875.03,0.0,0.0,0.0,222189616.55
187,2018-01-05,18878815216.31,4821362291.29,916687986.54,118265524.67,0.0,322125560.7,0.0,0.0,0.0,226828676.49
188,2018-01-06,12875682354.51,3135810863.84,1516299321.82,184584537.53,0.0,462064177.42,0.0,0.0,0.0,128036497.08
189,2018-01-07,10746193915.52,3529234188.19,724102122.02,0.0,0.0,179059245.5,0.0,0.0,0.0,134590030.06
190,2018-01-08,12291482460.17,5057030880.05,768246071.04,274146878.98,0.0,246372972.67,0.0,0.0,0.0,129160031.26
191,2018-01-09,10937892434.14,4936029909.81,622264286.39,714713371.47,0.0,168695186.38,0.0,0.0,0.0,406064963.33
192,2018-01-10,13363644255.81,5790368650.68,684818615.32,1795234481.45,0.0,138368721.28,0.0,0.0,0.0,288451032.54
193,2018-01-11,11973794037.48,4618007676.14,676572987.08,1338310548.11,0.0,377159469.88,0.0,0.0,0.0,215454297.47
194,2018-01-12,8650733784.34,3408376428.07,451522455.76,811028265.17,0.0,358582740.45,0.0,0.0,0.0,171151435.59
195,2018-01-13,9277077175.98,4115081067.78,582142949.03,806642294.32,0.0,172910622.21,0.0,0.0,0.0,333805605.96
196,2018-01-14,7848170285.52,3238429955.8,559519613.07,671344513.46,0.0,125399974.38,0.0,0.0,0.0,550449378.58
197,2018-01-15,8292564223.42,3094067676.89,375320717.19,831476758.35,0.0,228182032.59,0.0,0.0,0.0,930125399.54
198,2018-01-16,13331244188.58,5398067851.79,958498183.88,1115258679.49,0.0,357488629.1,0.0,0.0,0.0,926408751.47
199,2018-01-17,13391833702.1,5988223494.13,1007293806.37,995697212.22,0.0,289709571.67,0.0,0.0,0.0,852124797.36
200,2018-01-18,9705723097.2,4142159662.57,624144186.85,721085229.29,0.0,198102631.77,0.0,0.0,0.0,374262130.02
201,2018-01-19,6893606116.94,2632056087.05,349595315.84,503786651.65,0.0,120761294.82,0.0,0.0,0.0,229403656.83
202,2018-01-20,8073794848.46,2897556832.48,379829010.59,818742068.05,0.0,153192509.81,0.0,0.0,0.0,271478727.12
203,2018-01-21,6801935110.9,2459681986.25,315468666.56,547942077.12,0.0,138147442.24,0.0,0.0,0.0,177077751.8
204,2018-01-22,7676830638.83,2877885874.79,337270704.92,511106111.17,0.0,134150876.24,0.0,0.0,0.0,198623908.27
205,2018-01-23,6883518337.12,2667247757.56,297348176.68,405702345.26,0.0,89363884.39,0.0,0.0,0.0,156469700.28
206,2018-01-24,6723486972.22,2770092264.71,246317324.72,368184164.95,0.0,104119400.81,0.0,0.0,0.0,238021913.42
207,2018-01-25,5587636604.27,2520221716.91,223077853.03,321664337.37,0.0,101616597.98,0.0,0.0,0.0,162202106.83
208,2018-01-26,6893663028.44,2523861181.3,246014772.46,443114322.46,0.0,111675827.74,0.0,0.0,0.0,170911293.68
209,2018-01-27,5192918882.73,2136057971.41,185646614.42,346242875.76,0.0,83315758.81,0.0,0.0,0.0,115696544.58
210,2018-01-28,5787896548.95,3340564368.24,243574684.07,459805376.76,0.0,92814989.64,0.0,0.0,0.0,137884492.42
211,2018-01-29,4818709947.73,2399780334.45,200495114.14,264967539.56,0.0,69579154.42,0.0,0.0,0.0,314171791.21
212,2018-01-30,6172650338.34,2847786303.26,301496533.62,445537319.48,0.0,56867588.74,0.0,0.0,0.0,313966163.5
213,2018-01-31,5434884242.92,2563438444.57,238696139.62,474369935.31,0.0,49788854.3,0.0,0.0,0.0,185987823.6
214,2018-02-01,7094382154.85,3645563880.56,380989189.14,465492578.58,0.0,79410266.2,0.0,0.0,0.0,224567559.89
215,2018-02-02,9200776270.77,4713736590.33,586904096.18,546695862.62,0.0,92937984.39,0.0,0.0,0.0,343701428.94
216,2018-02-03,5069566534.73,2307703212.92,528458538.47,321285598.09,0.0,54894445.82,0.0,0.0,0.0,146555103.86
217,2018-02-04,4715329061.02,2126513876.73,750610717.96,321653079.93,0.0,47771195.93,0.0,0.0,0.0,131027685.21
218,2018-02-05,6473630542.3,3102540006.05,633991326.12,362264515.11,0.0,51520167.0,0.0,0.0,0.0,222255996.19
219,2018-02-06,9869455227.24,4719383759.38,883530835.05,504868304.84,0.0,100896232.6,0.0,0.0,0.0,462062755.01
220,2018-02-07,6592782920.85,2786252624.26,574791985.87,511586691.94,0.0,73194352.29,0.0,0.0,0.0,303655043.54
221,2018-02-08,5568087695.16,2073246250.59,526487807.74,1249154198.92,0.0,1540370.86,0.0,0.0,0.0,91546123.08
222,2018-02-09,5535037271.44,1968946309.83,519186314.26,697642917.72,0.0,72662884.33,0.0,0.0,0.0,120638947.03
223,2018-02-10,5948014200.1,2109838892.4,439030177.49,482204317.14,0.0,74391034.8,0.0,0.0,0.0,177682085.83
224,2018-02-11,4658792003.94,1734143751.7,327969505.72,402230205.79,0.0,65808321.17,0.0,0.0,0.0,139222158.35
225,2018-02-12,4805928290.66,1580092572.33,354499499.21,307537551.87,0.0,48321718.03,0.0,0.0,0.0,143556727.85
226,2018-02-13,4261668922.53,1453646502.49,306450265.48,278170930.35,0.0,40212507.4,0.0,0.0,0.0,81567183.51
227,2018-02-14,5999942762.99,2070399435.04,1832274015.33,409058549.65,0.0,69609230.86,0.0,0.0,0.0,142294844.49
228,2018-02-15,7005086141.81,2140196165.89,1523683133.25,324498398.29,0.0,105288653.94,0.0,0.0,0.0,129877261.35
229,2018-02-16,5459330810.51,1700074065.07,952743251.71,613298172.1,0.0,71247445.48,0.0,0.0,0.0,112284593.3
230,2018-02-17,6465176507.59,1770692911.05,589215575.63,411929322.98,0.0,72336164.64,0.0,0.0,0.0,144388906.53
231,2018-02-18,6398188495.32,1743368442.93,641808665.47,566265101.13,0.0,57688848.81,0.0,0.0,0.0,114184299.75
232,2018-02-19,5658299319.98,1509409426.35,502990919.44,380352059.11,0.0,52686654.09,0.0,0.0,0.0,117295743.3
233,2018-02-20,7425969867.33,1867294953.15,1251905137.1,567837365.21,0.0,62311431.6,0.0,0.0,0.0,138051108.81
234,2018-02-21,7132839123.41,1923756918.56,886933332.48,387717127.48,0.0,54089663.08,0.0,0.0,0.0,130444258.7
235,2018-02-22,6224804225.41,1636722876.67,707242277.12,312731325.36,0.0,45692367.85,0.0,0.0,0.0,117603058.09
236,2018-02-23,5960091602.06,1780496188.82,771447946.73,334784759.78,0.0,54528115.97,0.0,0.0,0.0,110314128.48
237,2018-02-24,5281778873.13,1421206549.84,645275268.03,272967638.7,0.0,46563239.68,0.0,0.0,0.0,84292518.02
238,2018-02-25,4294671091.4,1223355182.56,740899887.35,234463715.84,0.0,43493147.53,0.0,0.0,0.0,60610098.86
239,2018-02-26,5491515907.29,1459214893.44,926562044.7,302139242.7,0.0,50917183.35,0.0,0.0,0.0,230177685.0
240,2018-02-27,5205141277.81,1486283469.81,585113102.35,266398883.34,0.0,91146190.54,0.0,0.0,0.0,254703645.62
241,2018-02-28,5178661981.93,1411732662.49,510734948.87,245056028.57,0.0,65591760.58,0.0,0.0,0.0,186997868.06
242,2018-03-01,5170229957.33,1346770416.02,437680939.12,318365006.83,0.0,68260145.39,0.0,0.0,0.0,172036699.41
243,2018-03-02,5206320777.42,1346102548.01,398173495.5,269433906.85,0.0,45469715.31,0.0,0.0,0.0,88746156.55
244,2018-03-03,4754934163.58,1191121689.39,442668148.0,233305858.95,0.0,38801300.62,0.0,0.0,0.0,80012619.91
245,2018-03-04,4329058254.87,1178392333.52,348901678.08,222234562.55,0.0,37856214.36,0.0,0.0,0.0,113808625.29
246,2018-03-05,4580299001.28,1313327274.03,359157235.19,204734037.09,0.0,36807803.0,0.0,0.0,0.0,130607373.68
247,2018-03-06,5147054604.62,1383224943.72,437651016.61,256158465.1,0.0,37166772.03,0.0,0.0,0.0,138175547.53
248,2018-03-07,6496179166.66,1606921252.45,540674429.07,300415290.63,0.0,76941574.29,0.0,0.0,0.0,208805261.79
249,2018-03-08,5197151228.13,1292027450.18,404279033.45,273532284.33,0.0,47043752.8,0.0,0.0,0.0,102826682.13
250,2018-03-09,6490796243.06,1609207912.12,680235897.14,323979469.63,0.0,42108385.48,0.0,0.0,0.0,153465999.78
251,2018-03-10,3988276751.83,1059401826.67,426065509.84,216395511.38,0.0,39108527.7,0.0,0.0,0.0,78233330.36
252,2018-03-11,4799271352.99,1087781985.78,453587500.27,330262726.91,0.0,44972040.83,0.0,0.0,0.0,75417312.43
253,2018-03-12,4860509160.92,1262363979.34,374353580.99,257870430.93,0.0,49259915.47,0.0,0.0,0.0,76728327.94
254,2018-03-13,4604980747.67,1019666543.9,317446523.43,295836792.74,0.0,197657618.97,0.0,0.0,0.0,78404581.52
255,2018-03-14,4766351135.37,1255881671.63,350198600.33,248815109.72,0.0,113524074.07,0.0,0.0,0.0,99008000.08
256,2018-03-15,5225033758.54,1326778008.04,427142422.5,228279637.75,0.0,101130178.55,0.0,0.0,0.0,125340000.35
257,2018-03-16,4125731409.48,1067553864.76,315267851.37,317546816.44,0.0,95387191.71,0.0,0.0,0.0,79447358.06
258,2018-03-17,3478664627.7,943587316.42,289380637.19,267933317.29,0.0,93566933.69,0.0,0.0,0.0,66012462.75
259,2018-03-18,5427578195.06,2124576378.6,467141445.87,286437232.71,0.0,95166947.14,0.0,0.0,0.0,216219387.37
260,2018-03-19,5258791316.85,1601603472.48,367337744.48,275585551.56,0.0,94079147.25,0.0,0.0,0.0,201289612.09
261,2018-03-20,4977562511.39,1436093541.2,359378563.37,335356697.07,0.0,95315377.76,0.0,0.0,0.0,180877118.82
262,2018-03-21,4625415632.28,1357075004.58,327125588.67,236485752.65,0.0,128258921.83,0.0,0.0,0.0,130248648.05
263,2018-03-22,4193913963.42,1140283079.41,280401051.5,197785873.62,0.0,104727069.19,0.0,0.0,0.0,112923315.4
264,2018-03-23,4588850289.66,1182790074.87,242113602.14,188015085.75,0.0,164878510.5,0.0,0.0,0.0,102925500.78
265,2018-03-24,4181124982.49,961185495.45,195499090.07,142934675.68,0.0,238344103.81,0.0,0.0,0.0,72430789.68
266,2018-03-25,3380134370.06,861454401.26,152182627.99,130137653.97,0.0,172971249.3,0.0,0.0,0.0,59185159.8
267,2018-03-26,4491867254.36,1229565592.21,296745215.89,220787092.39,0.0,125395183.87,0.0,0.0,0.0,111831308.95
268,2018-03-27,3950074293.99,1200482274.32,262710453.24,200973018.46,0.0,98616183.06,0.0,0.0,0.0,110735256.36
269,2018-03-28,3534747979.66,1069815605.01,231777570.31,210938070.29,0.0,89090474.43,0.0,0.0,0.0,68555833.99
270,2018-03-29,4802601917.67,1502787824.66,354295636.53,313383322.66,0.0,75486375.51,0.0,0.0,0.0,91466818.7
271,2018-03-30,4904750648.72,1487009383.76,349679246.43,253723316.62,0.0,74055493.64,0.0,0.0,0.0,95518385.77
272,2018-03-31,3469071801.02,991922057.95,196161571.94,139949809.53,0.0,86917391.1,0.0,0.0,0.0,56435421.24
273,2018-04-01,3427283528.56,941824945.6,183995998.7,176240943.3,0.0,87325053.31,0.0,0.0,0.0,60097629.15
274,2018-04-02,3198986331.61,818525631.07,177729374.63,140119456.85,0.0,114305090.41,0.0,0.0,0.0,52817336.44
275,2018-04-03,4077100443.28,1035978328.79,266578980.71,169140956.05,0.0,131762856.85,0.0,0.0,0.0,71495068.36
276,2018-04-04,3626730515.59,940170622.23,261277440.43,151937941.5,0.0,110490909.51,0.0,0.0,0.0,61098981.01
277,2018-04-05,3869877455.0,895734370.91,193690456.28,125875318.6,0.0,101046513.51,0.0,0.0,0.0,51663780.74
278,2018-04-06,2798780936.99,706479826.45,148437542.82,92660995.09,0.0,79732373.24,0.0,0.0,0.0,37835819.94
279,2018-04-07,2897228546.86,688440970.51,133257436.98,53386742.08,0.0,85321171.81,0.0,0.0,0.0,41175808.92
280,2018-04-08,2454057835.22,672990157.15,112945781.33,45449424.26,0.0,76085768.11,0.0,0.0,0.0,38650904.4
281,2018-04-09,3507424825.51,1090439255.18,174145673.4,90619992.7,0.0,77992281.64,0.0,0.0,0.0,192598190.14
282,2018-04-10,2901462875.91,836170053.9,123374047.07,94967806.9,0.0,85724499.98,0.0,0.0,0.0,74413688.1
283,2018-04-11,3178864432.65,1023473804.27,143842395.91,101463238.51,0.0,93892564.06,0.0,0.0,0.0,127860721.47
284,2018-04-12,6288352810.64,1871952053.04,436050201.63,218193485.8,0.0,127895531.22,0.0,0.0,0.0,201821930.58
285,2018-04-13,5551059898.97,1755506342.48,330566536.76,189760477.51,0.0,146107309.95,0.0,0.0,0.0,130852390.74
286,2018-04-14,3463854914.72,1010559964.76,159475785.94,87842713.92,0.0,90892631.55,0.0,0.0,0.0,69373532.07
287,2018-04-15,3557952739.42,1137104658.72,180294453.97,140612711.22,0.0,107917663.89,0.0,0.0,0.0,95985598.38
288,2018-04-16,3912738264.98,1157490155.5,192638684.32,164755559.64,0.0,73387096.55,0.0,0.0,0.0,93373377.22
289,2018-04-17,4324247026.66,1122165748.06,367334142.38,163945658.4,0.0,71072705.93,0.0,0.0,0.0,80329922.75
290,2018-04-18,4230559955.72,1070246364.39,252987864.4,411360315.0,0.0,87775404.9,0.0,0.0,0.0,105708387.02
291,2018-04-19,4684034118.29,1439921539.61,275409557.77,429559411.9,0.0,75462547.58,0.0,0.0,0.0,119260293.32
292,2018-04-20,5803759626.36,1846694957.71,333935598.63,670674224.04,0.0,81747609.39,0.0,0.0,0.0,131352377.34
293,2018-04-21,5185452913.25,1578529697.95,321556709.49,709998712.89,0.0,135101920.75,0.0,0.0,0.0,121485670.62
294,2018-04-22,4389446809.24,1467237593.2,206067190.49,603492148.02,0.0,81916074.24,0.0,0.0,0.0,81976161.32
295,2018-04-23,4519321793.95,1328974206.4,228070399.88,1267518197.09,0.0,127476499.15,0.0,0.0,0.0,79183459.41
296,2018-04-24,7441129062.17,2207306028.71,431738154.34,1253050708.71,0.0,159378815.52,0.0,0.0,0.0,151698616.07
297,2018-04-25,7854733381.83,2694932769.26,434316668.81,1193854971.34,0.0,131612821.95,0.0,0.0,0.0,169360314.07
298,2018-04-26,6095573958.91,1855368622.96,268683494.26,803651240.41,0.0,125345655.66,0.0,0.0,0.0,104804138.46
299,2018-04-27,5298452392.67,1547891386.07,250196356.23,560483722.27,0.0,98245405.31,0.0,0.0,0.0,95473853.92
300,2018-04-28,5423834458.15,1470151799.33,211998760.05,469876954.09,0.0,117934380.64,0.0,0.0,0.0,104845315.11
301,2018-04-29,6083277460.93,1631630674.72,246968947.56,647195509.38,0.0,100415448.48,0.0,0.0,0.0,375270907.62
302,2018-04-30,6061418870.06,1717302692.54,213104449.62,446336948.37,0.0,78160685.61,0.0,0.0,0.0,272121768.58
303,2018-05-01,5424068118.54,1680639420.48,217492536.53,493192949.51,0.0,73096431.11,0.0,0.0,0.0,146542519.05
304,2018-05-02,4890630325.98,1505825120.53,230041063.24,757643457.55,0.0,74639486.49,0.0,0.0,0.0,102325439.47
305,2018-05-03,7514548858.41,2984298733.46,485861577.69,896447691.36,0.0,99020325.94,0.0,0.0,0.0,188394134.24
306,2018-05-04,5871537280.39,2431102393.72,504282529.91,654360521.6,0.0,73602192.62,0.0,0.0,0.0,118769687.53
307,2018-05-05,5692053026.44,2081626282.46,612479273.73,1232190361.0,0.0,68758350.35,0.0,0.0,0.0,97547466.58
308,2018-05-06,5288608724.97,2062342090.51,495722846.72,1364559134.28,0.0,70552300.45,0.0,0.0,0.0,142449392.1
309,2018-05-07,5373764026.07,2936429850.93,442574958.47,998366810.4,0.0,57156532.83,0.0,0.0,0.0,124856537.45
310,2018-05-08,5069925051.51,1909214066.98,357337058.13,726795903.06,0.0,51735772.08,0.0,0.0,0.0,90616549.91
311,2018-05-09,5047778469.69,1825255289.83,329314066.09,906971798.05,0.0,95601731.85,0.0,0.0,0.0,87501364.17
312,2018-05-10,5022601039.69,1739844474.22,300790448.51,723915271.78,0.0,63672092.96,0.0,0.0,0.0,91418801.83
313,2018-05-11,6234906378.96,2237520162.78,405622138.53,1045049299.98,0.0,53358319.14,0.0,0.0,0.0,140337312.36
314,2018-05-12,5046168041.33,1853494244.34,303256894.84,1048606665.06,0.0,41952240.68,0.0,0.0,0.0,100464520.53
315,2018-05-13,4503154962.52,1740226228.68,281945948.71,712742665.45,0.0,64843758.69,0.0,0.0,0.0,81479088.57
316,2018-05-14,5592011596.17,2082893204.19,459328145.5,837525908.13,0.0,46988557.99,0.0,0.0,0.0,100813616.14
317,2018-05-15,37526243502.57,1685243455.65,313851315.21,644844680.25,0.0,43020190.89,0.0,0.0,0.0,75650659.34
318,2018-05-16,4860576746.64,1576404045.02,254730918.43,624370959.52,0.0,34127563.32,0.0,0.0,0.0,75375477.07
319,2018-05-17,4231246674.81,1493790665.93,226218821.8,534758296.79,0.0,52169911.19,0.0,0.0,0.0,70378177.43
320,2018-05-18,4194546387.32,1520652567.9,266083680.05,604819817.65,0.0,227857339.01,0.0,0.0,0.0,70056015.48
321,2018-05-19,3409385319.36,1302101947.74,214975524.37,376243381.81,0.0,129474296.57,0.0,0.0,0.0,55385974.81
322,2018-05-20,3704248086.49,1210986891.31,228677829.59,554617694.4,0.0,93053900.94,0.0,0.0,0.0,66202085.88
323,2018-05-21,3739083210.46,1221996932.49,208588240.71,407693345.42,0.0,98010367.17,0.0,0.0,0.0,90591813.55
324,2018-05-22,3706448624.11,1372610543.36,208950546.8,397943037.0,0.0,81370591.01,0.0,0.0,0.0,65781451.48
325,2018-05-23,4781551604.13,1869550326.7,276366954.86,573444806.06,0.0,62580408.18,0.0,0.0,0.0,79807126.08
326,2018-05-24,4358564393.97,1708702135.24,260112590.51,519522758.24,0.0,52904850.91,0.0,0.0,0.0,70395868.13
327,2018-05-25,3435014185.65,1232448400.02,207206438.94,395868528.07,0.0,47764186.49,0.0,0.0,0.0,55819783.93
328,2018-05-26,2759804447.92,962182918.05,179894029.21,292862160.97,0.0,41883094.97,0.0,0.0,0.0,45405653.85
329,2018-05-27,2830022217.45,1078317704.38,175119033.49,306916570.62,0.0,35626419.95,0.0,0.0,0.0,40660123.84
330,2018-05-28,3571071182.09,1460552845.97,201524173.78,363998443.21,0.0,30216157.35,0.0,0.0,0.0,50874648.79
331,2018-05-29,4093147835.35,1492030512.15,245150721.21,478372563.63,0.0,45345421.38,0.0,0.0,0.0,59390999.86
332,2018-05-30,3652513842.26,1220259499.77,211792353.68,446569384.75,0.0,40683936.92,0.0,0.0,0.0,43973017.59
333,2018-05-31,3779664493.31,6.169169303420356e+26,207059865.15,490410594.08,0.0,90978948.16,0.0,0.0,0.0,46880710.29
334,2018-06-01,3648207102.95,1132713476.77,201509912.14,348291476.86,0.0,77205533.07,0.0,0.0,0.0,58877002.73
335,2018-06-02,3606537504.44,1113195876.63,211725104.5,457988878.02,0.0,83008478.74,0.0,0.0,0.0,56515105.2
336,2018-06-03,3314095159.59,1099610067.71,209156822.17,584012983.05,0.0,78343728.48,0.0,0.0,0.0,50912523.23
337,2018-06-04,3568662304.87,1179044219.32,197621007.34,621071152.34,0.0,55577102.78,0.0,0.0,0.0,56104952.9
338,2018-06-05,3575818832.07,1221715353.26,202303230.34,545726556.95,0.0,94713736.71,0.0,0.0,0.0,58834881.04
339,2018-06-06,3500419318.4,1170895511.25,223289844.51,461595878.0,0.0,150948832.3,0.0,0.0,0.0,50846396.68
340,2018-06-07,3260403830.53,1224986937.56,190172311.71,377980997.65,0.0,118755793.49,0.0,0.0,0.0,46584048.48
341,2018-06-08,217995162769.33,1045259628.11,166373296.84,359988662.75,0.0,89254645.68,0.0,0.0,0.0,46095544.17
342,2018-06-09,2713233506.97,977816514.08,150968816.32,299458340.36,0.0,79293398.17,0.0,0.0,0.0,42459261.09
343,2018-06-10,4340578641.99,1497266591.13,284215537.04,561126700.86,0.0,72768651.48,0.0,0.0,0.0,67583504.29
344,2018-06-11,3499379442.01,1352183646.23,217266563.44,453486411.51,0.0,81822162.22,0.0,0.0,0.0,54301264.81
345,2018-06-12,3573314871.87,1341988058.73,226583913.57,390216613.28,0.0,106420775.43,0.0,0.0,0.0,50763895.05
346,2018-06-13,4017442243.76,1490610082.0,265924170.58,418270445.43,0.0,91830260.82,0.0,0.0,0.0,67092176.24
347,2018-06-14,4035708437.06,1795111556.8,275784641.85,400038183.91,0.0,76168430.4,0.0,0.0,0.0,69895000.68
348,2018-06-15,2993849814.52,1272966335.18,206824568.56,275032239.52,0.0,75749839.82,0.0,0.0,0.0,41815996.91
349,2018-06-16,2395434898.59,929504795.97,176432939.83,227126815.38,0.0,79459883.19,0.0,0.0,0.0,41726035.62
350,2018-06-17,2292630981.46,885230738.8,157928303.37,206496298.08,0.0,102511639.23,0.0,0.0,0.0,38503544.58
351,2018-06-18,3061845043.88,1071675065.47,199128054.25,288317180.86,0.0,100496480.6,0.0,0.0,0.0,53499052.53
352,2018-06-19,3127142269.89,1243892221.94,200564068.29,293971918.09,0.0,77916320.96,0.0,0.0,0.0,47450521.66
353,2018-06-20,7950739866.32,1111296062.58,182670448.62,329601297.31,0.0,62275218.24,0.0,0.0,0.0,47411918.4
354,2018-06-21,2754138433.92,1004764377.13,190857371.96,267944255.27,0.0,117966856.27,0.0,0.0,0.0,45645511.58
355,2018-06-22,3838043001.26,1399616780.57,292807577.2,419765057.73,0.0,107020246.95,0.0,0.0,0.0,57127026.58
356,2018-06-23,2429533758.37,901873802.98,199509830.21,284514967.46,0.0,68246023.16,0.0,0.0,0.0,40617272.35
357,2018-06-24,3403142130.37,1332516374.61,268844856.98,432257005.3,0.0,90904535.14,0.0,0.0,0.0,66829154.78
358,2018-06-25,33760384329.7,1079926338.89,230612199.93,297558942.95,0.0,58587735.89,0.0,0.0,0.0,43225400.42
359,2018-06-26,2379491794.9,942639852.46,188000167.96,249342097.54,0.0,35603869.69,0.0,0.0,0.0,35148884.31
360,2018-06-27,2423746034.22,966921656.58,199479728.99,245921728.59,0.0,42888241.53,0.0,0.0,0.0,38239625.79
361,2018-06-28,2465381883.35,966330724.93,195243016.7,258692647.98,0.0,75724364.1,0.0,0.0,0.0,37243407.85
362,2018-06-29,3012202047.51,1375097953.73,251186278.58,299334528.72,0.0,64795775.21,0.0,0.0,0.0,49202213.72
363,2018-06-30,2981901518.43,1409123870.49,238499817.55,303909415.39,0.0,68672207.75,0.0,0.0,0.0,55142545.34
364,2018-07-01,3121965092.43,1623265230.67,303237106.62,563760684.08,0.0,62268453.31,0.0,0.0,0.0,56558182.69
365,2018-07-02,3520128117.16,1868832323.11,313017571.26,505168357.46,0.0,62230801.2,0.0,0.0,0.0,110700301.88
366,2018-07-03,3632917897.18,1770652238.4,361087834.71,553041353.31,0.0,66575492.63,0.0,0.0,0.0,113404499.81
367,2018-07-04,3158687128.35,1430724300.4,362482691.67,493882227.51,0.0,41262342.68,0.0,0.0,0.0,171249365.06
368,2018-07-05,16977452259.59,1634653380.2,281311285.06,480864189.89,0.0,45119007.51,0.0,0.0,0.0,141114712.93
369,2018-07-06,3666606562.47,1481379997.34,234251751.3,401661945.29,0.0,37216709.08,0.0,0.0,0.0,100838263.18
370,2018-07-07,3393173375.45,1404227923.12,228184678.94,473539206.25,0.0,88961608.02,0.0,0.0,0.0,63655504.39
371,2018-07-08,3219516375.37,1356070856.44,229305669.58,754445901.18,0.0,67210295.18,0.0,0.0,0.0,99778783.66
372,2018-07-09,4429987571.97,1325677496.69,232935712.29,695805558.69,0.0,41674981.62,0.0,0.0,0.0,74786305.72
373,2018-07-10,4068422608.79,1364865156.23,249382372.34,438379809.36,0.0,41635174.82,0.0,0.0,0.0,95321289.42
374,2018-07-11,3801822496.82,1125313938.4,240194797.63,363107505.27,0.0,44761670.98,0.0,0.0,0.0,72357746.49
375,2018-07-12,3997500484.77,1412843641.96,225129287.32,733458041.13,0.0,30594487.28,0.0,0.0,0.0,83427901.81
376,2018-07-13,4083962377.67,1523753932.81,256168055.37,633537951.78,0.0,35979697.88,0.0,0.0,0.0,85558180.18
377,2018-07-14,3853884071.0,1298233927.63,226509370.63,571294569.94,0.0,27040880.0,0.0,0.0,0.0,53485539.19
378,2018-07-15,3308695147.62,1291680917.78,241632495.85,668303814.63,0.0,33160849.44,0.0,0.0,0.0,62277975.37
379,2018-07-16,4607054301.49,1695735262.33,313480871.5,821616963.62,0.0,50527634.64,0.0,0.0,0.0,92257638.23
380,2018-07-17,5956561015.06,2053282544.42,357948785.91,803408409.3,0.0,75819695.55,0.0,0.0,0.0,115252434.55
381,2018-07-18,6076067991.29,2098306129.92,352102055.68,725703140.19,456668652.05,80296359.77,0.0,0.0,0.0,112944086.0
382,2018-07-19,4945206863.63,1732308536.7,272059789.73,779600037.38,736214385.97,50481051.15,0.0,0.0,0.0,78006326.85
383,2018-07-20,4677661960.62,1746195018.55,212483240.34,739677151.26,655785206.06,42894543.11,0.0,0.0,0.0,76821669.98
384,2018-07-21,3569366439.49,1308106888.42,172870843.01,672659659.82,481426905.35,31843220.0,0.0,0.0,0.0,66126223.08
385,2018-07-22,4177599311.86,1186944504.75,260554871.44,617752036.32,434154266.82,24323990.82,0.0,0.0,0.0,57129856.53
386,2018-07-23,5127206864.26,1434249832.4,330668834.3,716040382.84,569332625.48,30925331.38,0.0,0.0,0.0,62555316.16
387,2018-07-24,6493538258.91,1899098801.77,446324142.03,926027965.42,763203882.13,47960701.96,0.0,0.0,0.0,85690509.54
388,2018-07-25,5286807053.11,1648420049.04,308116939.29,726720634.2,612958024.87,77345279.75,0.0,0.0,0.0,70631965.16
389,2018-07-26,4510307547.35,1397765996.36,207451140.9,668961669.05,510838235.1,68434652.01,0.0,0.0,0.0,66141421.74
390,2018-07-27,4426773940.52,1346840358.43,221089413.47,659945496.08,467577044.57,71809033.02,0.0,0.0,0.0,58780562.88
391,2018-07-28,3637419981.58,1589979463.56,287665367.23,654664468.8,420763555.96,80898834.28,0.0,0.0,0.0,54323495.07
392,2018-07-29,3623927500.85,1489979365.99,308512727.12,694938194.72,473385704.53,59601728.41,0.0,0.0,0.0,50887340.22
393,2018-07-30,4641009396.76,1623192864.76,194984968.18,726435736.07,511287622.8,35107102.27,0.0,0.0,0.0,56227663.99
394,2018-07-31,4903065465.92,1458606999.21,223632473.59,667640240.65,485415678.84,69237123.24,0.0,0.0,0.0,63862404.74
395,2018-08-01,4316418350.65,1471453351.5,188194648.19,719276933.14,463258586.8,53834635.62,0.0,0.0,0.0,54889582.47
396,2018-08-02,3939411019.93,1418026066.32,204419362.21,617330195.99,509769036.1,47914902.13,0.0,0.0,0.0,48525228.28
397,2018-08-03,4218620994.18,1460346750.02,284020794.11,573709895.62,476948119.55,66748831.3,0.0,0.0,0.0,52885707.78
398,2018-08-04,3628329484.84,1209279153.52,265090759.17,512075923.57,320789646.73,57567049.88,0.0,0.0,0.0,49252043.27
399,2018-08-05,3361983745.53,1172107292.46,233988689.54,527029298.14,275908375.17,41125726.58,0.0,0.0,0.0,43644507.79
400,2018-08-06,3466386388.35,1178461528.7,253067966.23,585248227.74,371844832.78,45176811.73,0.0,0.0,0.0,52999982.66
401,2018-08-07,4670516298.76,1510002846.02,293730859.55,636749504.37,386444530.54,41854604.3,0.0,0.0,0.0,61476090.99
402,2018-08-08,4824770834.69,1547159993.13,318606330.31,658499646.26,616199953.25,50373869.65,0.0,0.0,0.0,65730938.92
403,2018-08-09,4551243954.03,1449640623.17,272842180.79,581146693.97,708727899.84,39477329.89,0.0,0.0,0.0,71744663.63
404,2018-08-10,4614691249.04,1504238425.7,199617728.01,564308863.31,471519747.9,34613731.19,0.0,0.0,0.0,80193762.02
405,2018-08-11,4094020350.17,1619095825.27,193657761.37,548196578.13,439404150.45,26931940.62,0.0,0.0,0.0,99505713.05
406,2018-08-12,3379709241.31,1329966596.86,184502552.68,546827303.38,480139719.06,21751919.7,0.0,0.0,0.0,53154828.33
407,2018-08-13,3603323931.23,1403369231.72,166706654.92,513967023.11,394414936.25,30616024.77,0.0,0.0,0.0,55299671.76
408,2018-08-14,4229682865.63,1752534297.98,206177679.36,407990158.36,358351387.06,37753270.15,0.0,0.0,0.0,86006864.81
409,2018-08-15,4219077655.68,1476535281.73,228931104.19,350051595.95,368602644.97,39334026.31,0.0,0.0,0.0,64993013.68
410,2018-08-16,3610462202.54,1205801767.75,168721780.32,350521958.59,212945068.99,23367173.57,0.0,0.0,0.0,54387927.91
411,2018-08-17,4136894249.47,1544692063.95,211342908.94,429214625.5,432535120.08,37213293.89,0.0,0.0,0.0,108768772.38
412,2018-08-18,3226757778.75,1304674400.6,173801645.43,361282492.4,364203624.27,25806363.59,0.0,0.0,0.0,77867874.82
413,2018-08-19,2662408761.56,1193411612.7,151349488.27,349057569.29,174088066.88,20237124.94,0.0,0.0,0.0,65494378.44
414,2018-08-20,2899944931.25,1096302297.64,194818458.2,338867968.62,166564345.13,15800963.09,0.0,0.0,0.0,53326126.49
415,2018-08-21,2810078049.19,1066690597.41,168664418.04,340976710.08,141797583.93,12320386.42,0.0,0.0,0.0,69767423.95
416,2018-08-22,3747823299.71,1245935546.59,201137559.04,352138470.29,200101344.06,23180543.54,0.0,0.0,0.0,81645171.62
417,2018-08-23,2736496040.16,1048631925.43,165423926.45,307236619.9,111414945.81,17135122.31,0.0,0.0,0.0,76123971.1
418,2018-08-24,3280710623.98,1298525849.87,164046617.76,349200764.19,184656006.16,20593286.9,0.0,0.0,0.0,70375044.8
419,2018-08-25,2566091930.42,1090141414.3,147107065.17,332797652.61,210915583.03,17873172.36,0.0,0.0,0.0,71924391.29
420,2018-08-26,2815692415.46,1226816228.18,170346510.55,301549020.82,126560121.4,21046835.81,0.0,0.0,0.0,121826399.59
421,2018-08-27,3437299278.76,1363243773.89,181252776.95,372968292.66,280743436.93,43013489.25,0.0,0.0,0.0,172140956.89
422,2018-08-28,3890345534.42,1408972251.27,211158391.24,395729071.45,512768114.44,41818364.26,0.0,0.0,0.0,167003062.71
423,2018-08-29,3581668205.92,1381753859.24,223601148.96,376604584.88,657508240.76,30922878.96,0.0,0.0,0.0,155011845.52
424,2018-08-30,3771718688.6,1468643244.25,209944323.27,389990013.81,463046920.01,22572890.67,0.0,0.0,0.0,134052849.29
425,2018-08-31,3625543287.84,1329682689.72,194523328.31,395132003.99,632767137.29,22541293.1,0.0,0.0,0.0,131341893.13
426,2018-09-01,3547488810.62,1327540554.56,257503813.45,554316187.77,383030298.93,29018202.16,0.0,0.0,0.0,169923498.46
427,2018-09-02,3600876585.91,1244801163.01,214478820.24,568877307.84,245615408.58,20936801.13,0.0,0.0,0.0,166515310.04
428,2018-09-03,3398104830.17,1302859917.16,196098330.17,452070247.63,224213939.94,18126851.87,0.0,0.0,0.0,148864960.72
429,2018-09-04,3287019687.92,1309997036.92,242795615.78,485125161.62,339485231.04,18749734.52,0.0,0.0,0.0,128508617.31
430,2018-09-05,4280555855.54,1517007874.63,258019813.1,485698158.54,419586897.99,26174693.81,0.0,0.0,0.0,162992574.27
431,2018-09-06,4267966852.99,1640758281.41,223989910.39,464937895.34,421347976.38,23215614.24,0.0,0.0,0.0,145289630.98
432,2018-09-07,3169100039.89,1268403389.66,169502072.55,365598349.13,243512543.8,15543950.02,0.0,0.0,0.0,117663664.78
433,2018-09-08,2865409338.14,1201795179.27,160037103.88,377964109.66,210854049.25,14417046.04,0.0,0.0,0.0,91005204.46
434,2018-09-09,2712448265.13,1277574993.55,166471537.85,366914457.5,283630664.48,13479493.95,0.0,0.0,0.0,120595427.73
435,2018-09-10,2823802529.75,1198666814.62,175393330.13,345934367.83,193368814.81,11966264.27,0.0,0.0,0.0,86353830.46
436,2018-09-11,2810622365.21,1204939033.36,183467711.49,381105172.6,216322183.14,17483344.13,0.0,0.0,0.0,75835382.33
437,2018-09-12,2915803550.14,1466917201.24,210379631.26,357315412.51,321846861.32,19781542.35,0.0,0.0,0.0,88725116.66
438,2018-09-13,3315295153.56,1794956979.84,211743786.12,410489095.08,441582594.0,23935354.8,0.0,0.0,0.0,83814316.8
439,2018-09-14,2999480814.52,1691270498.91,232559974.74,334455645.86,273422032.32,25327544.75,0.0,0.0,0.0,102838542.39
440,2018-09-15,2353736559.01,1283230066.65,178276882.67,313748245.54,240017435.56,25805783.49,0.0,0.0,0.0,91492064.34
441,2018-09-16,2322103514.84,1120814008.46,161510335.74,306651364.01,133008970.79,20091824.33,0.0,0.0,0.0,64681396.29
442,2018-09-17,2997701645.68,1533433133.42,208026840.64,351048561.29,250500651.0,21054226.5,0.0,0.0,0.0,75221601.22
443,2018-09-18,2862201982.32,1425401602.45,218592654.17,348709969.09,214839877.27,22472236.32,0.0,0.0,0.0,60076289.54
444,2018-09-19,3004842438.38,1251405637.44,197899142.95,332180136.54,189467252.23,22040730.59,0.0,0.0,0.0,69635452.9
445,2018-09-20,3090966557.21,1378865520.6,232817404.92,458875635.16,341101344.29,27561985.11,0.0,0.0,0.0,72838625.1
446,2018-09-21,4984743952.05,2180187749.14,289192005.71,675872495.2,493568710.01,34341189.33,0.0,0.0,0.0,148503222.55
447,2018-09-22,3336348807.88,1447070178.38,217064862.32,517687183.95,295819616.8,20835632.03,0.0,0.0,0.0,109875650.41
448,2018-09-23,3219939880.02,1287926821.22,251044266.34,513642110.72,272890912.67,22031774.9,0.0,0.0,0.0,86354905.72
449,2018-09-24,3286631689.99,1320669877.58,242556403.27,501193736.92,335744624.54,18526843.44,0.0,0.0,0.0,75302811.15
450,2018-09-25,3512619634.16,1559417558.47,266115635.21,472003186.98,308370321.1,18641570.59,0.0,0.0,0.0,70737114.59
451,2018-09-26,2993403227.99,1228895767.63,205373866.76,783222657.31,225219994.35,17648585.09,0.0,0.0,0.0,72697722.77
452,2018-09-27,3166872904.58,1489874359.58,348598838.35,899803596.13,234395993.72,26154335.3,0.0,0.0,0.0,109046367.45
453,2018-09-28,3563058522.65,1464591198.23,257714576.09,683598279.88,240931974.88,24317207.92,0.0,0.0,0.0,146346026.41
454,2018-09-29,2835655797.15,1458225810.9,191244467.93,632309722.88,168232446.34,25664021.55,0.0,0.0,0.0,67305684.15
455,2018-09-30,2735180897.61,1284664182.85,240995077.53,566282892.38,110354187.98,25443524.75,0.0,0.0,0.0,122020925.83
456,2018-10-01,2647780005.52,1131401134.4,235722127.85,387274702.3,251883719.89,23705062.06,0.0,0.0,0.0,135254466.33
457,2018-10-02,2692190710.28,1136274152.92,240845048.48,450286925.12,114844878.76,39275629.35,0.0,0.0,0.0,135287153.37
458,2018-10-03,2666164403.52,1235305877.1,229379790.97,433902731.0,283479728.63,36083007.24,0.0,0.0,0.0,88421205.22
459,2018-10-04,2607672566.35,1079322498.24,160060629.52,361090716.26,232582943.3,31173465.87,0.0,0.0,0.0,129219443.04
460,2018-10-05,2506760890.74,1097708810.51,194276961.29,307183199.99,230116613.07,39853201.42,0.0,0.0,0.0,108067029.41
461,2018-10-06,2165945959.42,1006893341.55,196045047.65,327701702.65,95498049.61,29534990.79,0.0,0.0,0.0,108639180.76
462,2018-10-07,2241495801.62,997159817.28,183963026.58,336750472.0,240908243.12,31502008.03,0.0,0.0,0.0,131598083.97
463,2018-10-08,3015890868.39,1090529085.63,199577378.79,396282126.85,314384652.78,30500147.05,0.0,0.0,0.0,150657202.85
464,2018-10-09,2592696178.33,1007381501.4,179438596.84,386997243.32,152262980.41,26350621.75,0.0,0.0,0.0,151737145.78
465,2018-10-10,2931773562.86,56829060664.33,218194586.12,363162264.46,341057503.3,25182925.03,0.0,0.0,0.0,179950540.52
466,2018-10-11,4162321436.4,1502434295.37,250593283.29,439666987.68,373362763.78,23983146.45,0.0,0.0,0.0,219794995.13
467,2018-10-12,3010297469.79,1086291778.09,185920906.81,310268315.75,149439571.02,25264310.48,0.0,0.0,0.0,191391713.23
468,2018-10-13,2387828553.87,824722781.86,143309589.36,283997579.69,146104541.09,24047076.28,0.0,0.0,0.0,143160679.03
469,2018-10-14,2492865238.72,832427374.66,163609257.6,270508515.69,140307453.83,22314693.5,0.0,0.0,0.0,164356746.91
470,2018-10-15,5485844495.12,1978569931.79,309189787.81,483945998.79,379397644.21,50079964.81,0.0,0.0,0.0,230708348.21
471,2018-10-16,3066099709.77,1101389885.54,178292824.64,293927850.23,186343104.83,30076704.67,0.0,0.0,0.0,145703106.46
472,2018-10-17,3152695420.19,1062722506.55,217277235.28,312107191.32,194093636.89,34791044.94,0.0,0.0,0.0,159463010.24
473,2018-10-18,2877462530.08,867963501.03,228690134.75,332944528.76,115020283.58,29048896.36,0.0,0.0,0.0,160485641.53
474,2018-10-19,2492768782.03,750171433.6,189106564.24,302057540.64,130997938.65,24377864.36,0.0,0.0,0.0,104850467.44
475,2018-10-20,2277121459.1,696888571.35,217554224.79,283228696.53,187480279.94,23587279.19,0.0,0.0,0.0,106263967.56
476,2018-10-21,2370694084.91,736075492.71,210875455.79,301933303.99,191479298.12,25395263.26,0.0,0.0,0.0,155059830.41
477,2018-10-22,2849551974.09,866719743.9,212528124.11,273823757.31,181418409.79,27267687.39,0.0,0.0,0.0,113730895.29
478,2018-10-23,2958729441.23,764033728.83,229821114.46,256041616.31,70273512.34,30151031.09,0.0,0.0,0.0,133941253.56
479,2018-10-24,2768973404.18,726759011.14,225092819.33,270125877.04,138509825.44,25888550.33,0.0,0.0,0.0,105733200.38
480,2018-10-25,2821959989.64,738390149.91,242851702.17,245204085.83,150789866.66,24724813.07,0.0,0.0,0.0,73997294.69
481,2018-10-26,2821261399.25,741332069.03,259854338.0,247015790.21,213403881.29,24145509.93,0.0,0.0,0.0,85808507.68
482,2018-10-27,2476652513.72,614878177.47,230126089.23,232279879.42,231017225.74,22524602.82,0.0,0.0,0.0,58102256.0
483,2018-10-28,2342936863.0,648234850.76,203394446.88,213241489.6,168655114.46,24411449.02,0.0,0.0,0.0,69043378.17
484,2018-10-29,3309004370.75,1027248974.72,334554202.08,285246416.47,248739515.13,24015272.38,0.0,0.0,0.0,112128159.44
485,2018-10-30,3101774878.47,1048683734.33,301785677.55,287850052.29,144968395.21,23543137.97,0.0,0.0,0.0,112730420.39
486,2018-10-31,3290866813.79,1023267225.04,340087513.47,296366634.22,197599447.87,20830336.34,0.0,0.0,0.0,107447238.41
487,2018-11-01,3135393812.8,949665193.63,340541711.84,295026004.77,252830870.97,19541710.24,0.0,0.0,0.0,97152101.85
488,2018-11-02,3303432372.9,881070578.84,341187787.71,457514518.54,317374969.13,21352601.05,0.0,0.0,0.0,112332114.62
489,2018-11-03,2693361202.5,815144986.77,318239261.86,416032690.41,190108259.19,19319165.63,0.0,0.0,0.0,90149814.95
490,2018-11-04,3537846394.6,1154342298.12,352371252.75,1057935461.62,219532419.42,24177583.79,0.0,0.0,0.0,115076821.83
491,2018-11-05,3613249375.86,1005140112.0,360876583.11,784264477.8,222847318.16,20808387.93,0.0,0.0,0.0,99371752.13
492,2018-11-06,3905438889.58,1269203815.49,281705049.43,968128031.9,387148755.43,24442929.38,0.0,0.0,0.0,139730237.21
493,2018-11-07,4171204508.2,1399915660.04,311704330.51,903614337.58,409263887.61,22888226.12,0.0,0.0,0.0,126829631.26
494,2018-11-08,3648347613.78,1254674912.97,290206068.98,829569052.26,176624751.35,21328078.72,0.0,0.0,0.0,115102652.26
495,2018-11-09,3470635175.34,1054600518.94,351044824.72,822052242.87,133475066.83,18533227.12,0.0,0.0,0.0,100617129.28
496,2018-11-10,2916273499.42,924990451.24,291094768.99,665948020.25,116109914.53,18177779.94,0.0,0.0,0.0,84853540.82
497,2018-11-11,2768116779.03,1003316887.47,191857897.36,712180325.54,125880878.12,18721241.54,0.0,0.0,0.0,78288927.31
498,2018-11-12,2910765519.3,937226011.12,208239884.42,914167155.51,179874157.22,19101652.2,0.0,0.0,0.0,129549594.45
499,2018-11-13,2896237770.89,1036125545.64,197561120.53,880527892.15,256777209.25,16477024.23,0.0,0.0,0.0,100936068.24
500,2018-11-14,5489220410.24,1950082132.61,352395352.48,1132058156.3,480963688.29,17607538.29,0.0,0.0,0.0,162260257.82
501,2018-11-15,5043787219.8,1884081789.45,326223488.93,538436772.67,690013583.1,18811257.75,0.0,0.0,0.0,149833144.8
502,2018-11-16,3324559434.78,1403202927.37,188768610.29,114304860.17,258598828.76,17512118.51,0.0,0.0,0.0,111620098.81
503,2018-11-17,2564542869.44,1204017580.87,127834293.74,108288038.3,250068405.72,16211963.99,0.0,0.0,0.0,104998075.62
504,2018-11-18,2604232143.09,1233153547.37,142714303.61,108525849.26,250733263.35,13554170.74,0.0,0.0,0.0,119728573.72
505,2018-11-19,5059857747.04,1897247867.53,331245310.96,92882419.52,803995365.78,19683850.81,0.0,0.0,0.0,138970506.97
506,2018-11-20,6409571273.27,2223904154.53,390133278.01,100642086.8,876178781.44,24292569.82,0.0,0.0,0.0,151068001.33
507,2018-11-21,4344169572.38,1800789196.86,296645530.28,76806100.93,332362938.39,14250044.39,0.0,0.0,0.0,117644105.62
508,2018-11-22,2871040616.74,1213615714.04,234334585.79,56268042.81,445174480.33,9405083.4,0.0,0.0,0.0,105872776.14
509,2018-11-23,3416337241.34,1407451546.06,261090533.75,58172292.74,560943267.78,9414102.24,0.0,0.0,0.0,92335593.06
510,2018-11-24,2998571000.8,1167068097.98,209971064.9,53855521.71,485639057.61,11400341.76,0.0,0.0,0.0,81958766.84
511,2018-11-25,4792484329.18,1777039647.8,329101769.21,79602742.25,826749423.53,11827418.23,0.0,0.0,0.0,109486874.9
512,2018-11-26,3968238478.66,1216207894.76,260245439.06,86156607.65,536457571.32,9603548.51,0.0,0.0,0.0,77374088.1
513,2018-11-27,3703689506.45,1428220817.87,229643377.46,54848552.22,620441610.6,8570187.83,0.0,0.0,0.0,81686897.77
514,2018-11-28,4836648119.71,1689092863.18,296072807.3,67453581.91,627336615.23,14342795.38,0.0,0.0,0.0,107259875.41
515,2018-11-29,4059681300.88,1263425917.35,237372629.53,49056280.22,450530818.93,11904995.47,0.0,0.0,0.0,116158282.21
516,2018-11-30,3818337048.1,1299243025.15,205268640.18,56329127.25,444899791.39,9252032.85,0.0,0.0,0.0,85682477.84
517,2018-12-01,3127283573.57,1231890498.73,200384935.49,85623986.54,302218924.91,10922252.64,0.0,0.0,0.0,105515833.43
518,2018-12-02,2930023166.03,1052646688.57,195329833.28,92531730.78,284310483.23,10346182.46,0.0,0.0,0.0,91034844.23
519,2018-12-03,3128954242.18,1018291281.33,203182359.32,61965865.89,362191427.26,10501470.62,0.0,0.0,0.0,81057569.45
520,2018-12-04,2980842440.28,1012954435.05,176726172.77,67304634.43,357646378.51,35684618.77,0.0,0.0,0.0,99120413.74
521,2018-12-05,2945486770.26,1103114599.99,179923946.69,76900950.51,470785669.98,56412222.18,0.0,0.0,0.0,92038021.76
522,2018-12-06,3379926832.11,1388262623.16,223044723.9,85344669.62,434818759.05,32811192.26,0.0,0.0,0.0,80123556.31
523,2018-12-07,4206941427.06,1707292548.54,280485816.45,138765273.29,571061596.07,22370869.86,0.0,0.0,0.0,100797048.91
524,2018-12-08,3066335001.11,1288137329.26,263567229.59,111652802.99,335180090.51,14924514.56,0.0,0.0,0.0,98044291.08
525,2018-12-09,2646915971.02,1188755821.05,241819401.61,141773825.68,379275028.83,16172414.76,0.0,0.0,0.0,70419951.43
526,2018-12-10,2716466881.8,1039128065.54,194168587.75,69839350.6,492588574.5,12458927.42,0.0,0.0,0.0,50554972.0
527,2018-12-11,2555806978.14,1119802125.89,177694248.29,75396464.16,423749984.87,18527192.49,0.0,0.0,0.0,35742203.45
528,2018-12-12,2338177028.17,984739824.27,168106624.68,65238951.49,396317857.06,16186347.99,0.0,0.0,0.0,46198776.69
529,2018-12-13,2392090615.17,961027561.82,155308176.54,70958398.12,300109044.82,13064240.5,0.0,0.0,0.0,41086318.18
530,2018-12-14,2438310207.49,937860660.67,180368756.53,89960483.05,327718954.33,12638237.85,0.0,0.0,0.0,34062939.31
531,2018-12-15,1858911024.2,824220938.94,177138315.49,68522456.05,182509260.16,11948876.24,0.0,0.0,0.0,16763118.03
532,2018-12-16,1999884408.47,889294293.93,264001098.98,108139680.28,191738949.13,13665359.63,0.0,0.0,0.0,25265121.89
533,2018-12-17,3234588620.1,1236448484.83,315284818.65,107182588.1,649868987.82,17143612.21,0.0,0.0,0.0,37059957.5
534,2018-12-18,3349777537.79,1320800368.84,244585830.61,241186793.98,830209290.07,25713161.78,0.0,0.0,0.0,32415403.27
535,2018-12-19,4245396178.69,1463121190.09,256307961.3,527413517.77,450926730.8,22545535.05,0.0,0.0,0.0,50781035.85
536,2018-12-20,5412061886.73,1729983533.83,337246267.54,1064685251.65,622980074.89,25380571.95,0.0,0.0,0.0,69432376.02
537,2018-12-21,4051920479.41,1486405951.19,249217237.58,952872166.08,289639319.9,22428879.23,0.0,0.0,0.0,90004574.68
538,2018-12-22,2797971231.7,1296445901.47,159636254.36,472494954.15,340661998.38,26773299.58,0.0,0.0,0.0,100560135.73
539,2018-12-23,3169155975.83,2136296186.74,258123392.96,356476283.92,624189414.48,28005839.43,0.0,0.0,0.0,77582066.04
540,2018-12-24,4099608393.24,2571570454.67,283721282.1,363471318.92,672662132.15,28270728.49,0.0,0.0,0.0,101972948.19
541,2018-12-25,3355319571.47,1965446532.02,279063425.79,391535979.99,227079557.48,18025455.14,0.0,0.0,0.0,55106757.38
542,2018-12-26,2701903947.36,1512478092.3,247368249.33,319761722.79,380662469.75,18298870.56,0.0,0.0,0.0,45755181.86
543,2018-12-27,2639269755.05,1316403147.42,240914922.76,190172543.45,360195006.99,15149248.72,0.0,0.0,0.0,36678425.73
544,2018-12-28,2984438221.02,1832652553.18,268116266.83,281648267.6,448775156.82,23045830.14,0.0,0.0,0.0,48770678.08
545,2018-12-29,2499258533.95,1690173660.83,190659419.6,178367235.24,326884187.05,18241607.83,0.0,0.0,0.0,45945565.12
546,2018-12-30,2317268754.58,1435744657.49,190512668.67,148030187.09,174990791.43,20154899.52,0.0,0.0,0.0,42337152.95
547,2018-12-31,2205118930.79,1130129594.47,184720732.33,108775152.26,363092786.41,36235200.24,0.0,0.0,0.0,35240642.93
548,2019-01-01,1986052604.62,1090710979.83,178988642.2,139925426.08,146627182.36,22132492.0,0.0,0.0,0.0,33266737.64
549,2019-01-02,2615248613.6,1779084116.2,196685139.85,156804463.26,322610678.24,28670939.07,0.0,0.0,0.0,41086051.55
550,2019-01-03,2018481124.32,1346528710.1,151078721.66,133896984.11,291150021.1,20748358.53,0.0,0.0,0.0,24361738.65
551,2019-01-04,2309518467.08,1562794564.3,180522905.51,97928876.09,225658610.06,26352828.26,0.0,0.0,0.0,25315316.25
552,2019-01-05,2358664257.94,1668124815.29,335549704.83,118293890.41,114865716.18,25549322.54,0.0,0.0,0.0,29085524.81
553,2019-01-06,2632352865.21,1429379972.21,461334916.27,77330762.97,229106713.48,33579447.6,0.0,0.0,0.0,46842443.59
554,2019-01-07,2411869491.81,1170349875.7,314610405.06,80209747.17,208006914.86,29821110.5,0.0,0.0,0.0,42677647.16
555,2019-01-08,2586464962.25,1220953343.26,350300941.45,98092923.74,292437280.22,62517958.7,0.0,0.0,0.0,79520384.11
556,2019-01-09,2509211290.93,1097590232.04,252355702.9,91285532.86,245313615.47,69880420.91,0.0,0.0,0.0,79450939.57
557,2019-01-10,3517569397.94,1802062724.82,341715353.49,243603455.49,471422384.66,69463022.92,0.0,0.0,0.0,78145387.24
558,2019-01-11,2501707745.91,1295121193.2,234528182.44,164401514.74,336339676.36,47302409.1,0.0,0.0,0.0,35477935.1
559,2019-01-12,1897704094.2,1005637423.24,148150993.33,149212307.71,146610781.13,31055363.99,0.0,0.0,0.0,28163032.22
560,2019-01-13,1927150913.63,1013752986.49,208000352.78,111833306.26,228699962.54,24154149.5,0.0,0.0,0.0,32679788.93
561,2019-01-14,2564830743.64,1369914675.7,224344926.69,108631349.75,178949520.86,41326486.48,0.0,0.0,0.0,43560456.73
562,2019-01-15,2466551134.66,1276726789.88,188488004.44,97553127.55,226415061.58,22326067.18,0.0,0.0,0.0,36155148.2
563,2019-01-16,2267346695.45,1242826626.7,218222381.78,77649819.35,146513286.45,33361712.33,0.0,0.0,0.0,38622394.93
564,2019-01-17,2326975663.89,1159001863.67,259893252.48,89427968.89,212760144.98,35574090.34,0.0,0.0,0.0,33353291.71
565,2019-01-18,2002278171.45,950942008.93,195175964.67,86356092.39,210839414.56,41088534.36,0.0,0.0,0.0,29475404.95
566,2019-01-19,1972781793.63,1095394948.14,198450292.57,91081488.68,279087352.91,35431679.17,0.0,0.0,0.0,42320172.56
567,2019-01-20,1967081671.26,1118910162.54,210910961.32,100963869.14,255426135.05,34232690.45,0.0,0.0,0.0,33902782.45
568,2019-01-21,1742086570.99,975299432.74,169806433.58,91051419.81,291418629.4,34850723.37,0.0,0.0,0.0,24817735.88
569,2019-01-22,2099448185.53,979926877.41,200297413.59,127864027.25,373342765.08,30421280.96,0.0,0.0,0.0,35541076.54
570,2019-01-23,2104986096.72,889177868.6,211777521.45,138386860.84,222310996.81,31597604.17,0.0,0.0,0.0,18709433.45
571,2019-01-24,2081489620.55,953512871.04,222097703.61,117916015.48,226763652.6,25153330.93,0.0,0.0,0.0,24517688.36
572,2019-01-25,1985928855.3,947634419.95,234777931.96,77230806.25,259234774.93,42192936.7,0.0,0.0,0.0,32773411.41
573,2019-01-26,1828102928.08,869719044.95,222447193.43,75822815.63,254906433.13,47224922.2,0.0,0.0,0.0,18612894.52
574,2019-01-27,2074526611.75,1048002218.1,238222959.35,106265765.59,381916788.62,50586809.61,0.0,0.0,0.0,25285436.85
575,2019-01-28,2725273921.46,1404270045.41,265109970.91,166169418.84,444553507.4,72238397.82,0.0,0.0,0.0,35348205.63
576,2019-01-29,2158475394.93,1059811594.71,229606211.09,99912336.89,329490073.96,42734790.59,0.0,0.0,0.0,31163843.42
577,2019-01-30,2211009028.18,1108508470.16,239656190.28,111679180.82,389770642.15,31008784.6,0.0,0.0,0.0,26518539.62
578,2019-01-31,1917629593.31,966974392.56,218024912.18,104990351.52,227914966.19,32250292.58,0.0,0.0,0.0,28594111.74
579,2019-02-01,1880655496.96,880661311.06,293590705.95,101306678.93,336571030.97,43876817.96,0.0,0.0,0.0,21882382.5
580,2019-02-02,1604133444.29,764080857.75,285910473.86,104927566.62,182983135.54,49583402.64,0.0,0.0,0.0,26727720.77
581,2019-02-03,1683842864.82,847269516.28,249748072.49,86929941.05,153052050.24,48500932.78,0.0,0.0,0.0,23090997.36
582,2019-02-04,1879227802.37,871742481.4,207746553.17,77767167.42,241992558.67,59461879.45,0.0,0.0,0.0,23202182.13
583,2019-02-05,1803772168.05,861732205.07,194301636.36,78049575.1,91115379.06,85623118.77,0.0,0.0,0.0,21815999.52
584,2019-02-06,2004227561.84,920708698.13,213765631.24,139432715.4,168242872.26,102072562.03,0.0,0.0,0.0,27761169.79
585,2019-02-07,1621822403.94,794786963.66,172360585.14,98227301.01,184385772.07,45037028.19,0.0,0.0,0.0,17157882.5
586,2019-02-08,3082867718.0,1468477090.2,680635026.73,212209234.81,392379774.8,62805968.4,0.0,0.0,0.0,49470868.7
587,2019-02-09,2158951578.81,1061194529.8,570002118.93,120690392.6,394522092.27,92995049.37,0.0,0.0,0.0,32256139.44
588,2019-02-10,2232105328.36,1250496834.49,511797107.58,139495926.06,361015735.09,107331213.41,0.0,0.0,0.0,50554961.6
589,2019-02-11,2332083006.04,1281857736.58,421164365.87,121210510.17,309397509.8,117484979.6,0.0,0.0,0.0,49084141.54
590,2019-02-12,2326472815.43,1189569325.72,352848791.26,118492135.18,497368878.7,105705929.27,0.0,0.0,0.0,58775677.68
591,2019-02-13,2282294201.41,1269137834.97,356173956.0,105390204.84,526234393.59,78788403.73,0.0,0.0,0.0,38322393.07
592,2019-02-14,2027331017.7,1209327511.57,317799027.83,123520117.79,410211008.16,56197237.86,0.0,0.0,0.0,34921152.46
593,2019-02-15,2315201159.98,1307384969.2,364991821.41,78954078.06,288686540.77,67903018.26,0.0,0.0,0.0,56624562.41
594,2019-02-16,2126245937.78,1154401777.6,303808334.19,79667902.38,165238778.72,50505062.4,0.0,0.0,0.0,65696493.74
595,2019-02-17,2531202786.53,1736340754.9,309965363.22,102144780.66,355656460.14,52789408.1,0.0,0.0,0.0,113339765.13
596,2019-02-18,4022855214.74,2419477964.26,500902626.93,398152748.12,1074354709.09,62394223.3,0.0,0.0,0.0,85712749.24
597,2019-02-19,3902704045.58,2228937161.53,403772823.6,316243003.58,1226126433.46,108520344.32,0.0,0.0,0.0,113033808.96
598,2019-02-20,3332097660.5,2084751777.58,590866801.04,197338089.41,1300213305.91,95800992.69,0.0,0.0,0.0,90908460.26
599,2019-02-21,2954887340.03,1757631546.88,423515699.95,172276130.17,816138706.88,67432164.42,0.0,0.0,0.0,84716399.94
600,2019-02-22,2847775125.67,1572787193.75,418517708.53,152367433.21,805785938.78,64139653.07,0.0,0.0,0.0,63944101.58
601,2019-02-23,3588101291.46,2131845592.54,415663263.07,233168983.17,936353769.02,63666043.43,0.0,0.0,0.0,167330974.1
602,2019-02-24,4188444695.37,2465862639.43,499699105.09,267474540.24,1266857098.19,81299418.92,0.0,0.0,0.0,240816654.65
603,2019-02-25,3638333840.94,2257406508.42,394320787.34,267485984.58,1251267348.93,120009483.97,0.0,0.0,0.0,120809503.87
604,2019-02-26,3094608366.51,1676191230.6,313521709.44,158462903.8,852353583.61,71022227.24,0.0,0.0,0.0,194955308.03
605,2019-02-27,3230355426.24,2069289821.76,353270722.22,145134220.49,878379537.44,77272594.31,0.0,0.0,0.0,152442506.41
606,2019-02-28,3154163790.15,2018226378.45,369854843.96,117228271.1,481544887.15,83858853.59,0.0,0.0,0.0,145840881.07
607,2019-03-01,2425413891.23,1449851342.66,317337120.19,88343315.6,183429691.17,103094130.45,0.0,0.0,0.0,116982249.27
608,2019-03-02,2444493519.13,1573185884.98,365442803.69,94511152.74,244158195.41,99537718.26,0.0,0.0,0.0,122561425.1
609,2019-03-03,2697354612.13,1616010607.88,351954441.6,98621981.7,423541007.58,68924277.41,0.0,0.0,0.0,66937758.92
610,2019-03-04,3808408953.06,2114413989.68,462144699.21,176232906.56,939049260.02,69045545.39,0.0,0.0,0.0,165821851.79
611,2019-03-05,4192824757.64,2302158746.64,861015274.49,153741486.93,1284388764.24,206978957.56,0.0,0.0,0.0,138667672.42
612,2019-03-06,3594638720.68,2091501971.35,817554634.09,136753585.42,982919328.09,169716296.54,0.0,0.0,0.0,126292379.42
613,2019-03-07,3757782535.46,1973576594.28,835175191.53,150602248.68,942619434.58,200112825.49,0.0,0.0,0.0,127641502.62
614,2019-03-08,4212222180.61,1946765492.19,657398158.19,175384227.0,770273634.78,191120570.13,0.0,0.0,0.0,153285223.06
615,2019-03-09,4356968807.92,2110217675.76,772854547.16,189370600.72,870533912.23,130622900.07,0.0,0.0,0.0,146834689.16
616,2019-03-10,3704665080.3,1946327691.17,613390648.34,154621991.3,489798005.6,114622468.55,0.0,0.0,0.0,140935458.94
617,2019-03-11,4014989321.62,2145145962.56,607136054.68,181899000.02,812808667.32,121328192.0,0.0,0.0,0.0,154298468.54
618,2019-03-12,3816268495.88,2179089650.0,547860121.79,174531698.34,797116020.02,140874608.45,0.0,0.0,0.0,133903918.98
619,2019-03-13,3490215059.62,1935544867.82,489277539.44,154700732.52,719408112.3,116694076.09,0.0,0.0,0.0,154691269.12
620,2019-03-14,4627402192.84,2076493508.67,576748603.62,274345807.29,595180009.6,109579998.98,0.0,0.0,0.0,172611518.24
621,2019-03-15,3740728547.66,2151345139.55,645795857.16,388345563.91,724361687.24,99910962.9,0.0,0.0,0.0,101576948.05
622,2019-03-16,3999229792.33,2265742932.68,738682498.32,605168350.95,801024519.32,119804151.55,0.0,0.0,0.0,163076749.94
623,2019-03-17,2908803390.74,1712527707.8,552323859.92,373677307.88,397737671.68,109870997.02,0.0,0.0,0.0,168482516.6
624,2019-03-18,3472526474.96,2023142645.8,665480348.19,461993912.17,627757793.74,89126186.3,0.0,0.0,0.0,172038222.95
625,2019-03-19,3356941612.14,1814959292.83,589769829.64,298232435.92,482426539.0,147388232.12,0.0,0.0,0.0,142700068.78
626,2019-03-20,3690712814.6,2001908560.16,675122022.65,293200592.06,627060610.08,91465229.9,0.0,0.0,0.0,167366129.92
627,2019-03-21,3932015420.21,2093219380.15,589945189.29,351398174.75,752166908.49,104458606.44,0.0,0.0,0.0,143345937.49
628,2019-03-22,3320336844.34,1796985607.75,657994909.92,279061710.66,473514217.11,100309980.67,0.0,0.0,0.0,169131190.09
629,2019-03-23,3388326950.44,1721897616.06,820685423.86,357626261.5,640399563.29,94586986.28,0.0,0.0,0.0,136272589.39
630,2019-03-24,3278648151.16,1761023548.84,767615179.81,260107107.47,573143921.02,221748433.91,0.0,0.0,0.0,154340478.5
631,2019-03-25,3993499437.81,2033133338.93,740616469.07,377705246.0,819413191.52,121817561.05,0.0,0.0,0.0,151371110.11
632,2019-03-26,3634624539.39,1768510996.12,543369428.46,302160164.21,550591812.03,107208120.99,0.0,0.0,0.0,145838368.41
633,2019-03-27,4170695593.73,2268975630.89,717532219.19,379242976.21,1783837746.11,132463321.75,0.0,0.0,0.0,167254744.23
634,2019-03-28,3423542192.44,1680793158.87,568963097.5,247652353.3,832427436.38,129536986.47,0.0,0.0,0.0,127720462.88
635,2019-03-29,3767381534.33,1993253678.82,638314809.84,199254043.66,966121345.43,112119306.06,0.0,0.0,0.0,193999617.79
636,2019-03-30,3216917607.17,1798253325.87,510941742.67,133150097.13,527960862.06,116536531.17,0.0,0.0,0.0,199644183.25
637,2019-03-31,3081976515.61,1453834640.07,503353239.53,112817749.26,686389824.04,132845480.26,0.0,0.0,0.0,167810377.96
638,2019-04-01,3749358062.7,1716503444.08,570939674.35,117469860.53,616231779.43,130386153.04,0.0,0.0,0.0,200663019.05
639,2019-04-02,7987008194.51,3874336799.67,1503098452.41,771557429.56,2102056385.71,149629126.47,0.0,0.0,0.0,257087017.0
640,2019-04-03,10110486625.82,4876120013.25,2583824178.43,2390724125.76,2858588679.55,175292071.84,0.0,0.0,0.0,395185438.12
641,2019-04-04,7359637974.68,3589892387.91,1672687916.91,1174289502.38,1833133392.91,139619069.57,0.0,0.0,0.0,288751141.1
642,2019-04-05,5884194990.32,2859299100.23,1126035448.36,732298916.22,1253400429.93,130318216.79,0.0,0.0,0.0,153759672.75
643,2019-04-06,5644520121.9,2745544511.66,1361612169.39,974085165.82,1456486229.96,118899184.14,0.0,0.0,0.0,112596384.04
644,2019-04-07,6009788298.08,3106777903.89,1190381843.49,891977043.12,1064932204.82,114719957.67,0.0,0.0,0.0,119501019.97
645,2019-04-08,6835864483.76,4237636128.83,1166337050.27,698528757.99,1693397062.54,118843320.55,0.0,0.0,0.0,135889708.0
646,2019-04-09,5513448009.5,3290664652.55,1009075917.93,441957165.68,1521463574.83,134840269.64,0.0,0.0,0.0,109159579.07
647,2019-04-10,5881296976.87,3341618673.19,971692796.06,512287764.74,2054430407.71,118389057.58,0.0,0.0,0.0,111491524.8
648,2019-04-11,5598971782.13,2861761393.23,1113125895.27,621940840.41,1678159114.93,90342719.06,0.0,0.0,0.0,130465341.89
649,2019-04-12,4671224110.91,2366641904.91,969041287.78,546460241.54,1212102339.79,118642353.85,0.0,0.0,0.0,105567755.98
650,2019-04-13,3600073369.31,1818829690.35,834762294.48,406273909.96,822715643.17,116311346.15,0.0,0.0,0.0,80950613.04
651,2019-04-14,3670459719.13,1886412720.66,874607015.2,326583734.98,830019037.02,135981625.61,0.0,0.0,0.0,101258891.22
652,2019-04-15,4679870404.37,2204227798.6,1099488549.73,1078213791.01,1081499199.25,121012956.59,0.0,0.0,0.0,106521234.53
653,2019-04-16,4137632594.65,1951859607.04,846781523.53,615744206.62,1014427943.15,116934431.59,0.0,0.0,0.0,91988060.18
654,2019-04-17,4677662119.07,2045545859.16,700885025.5,491291885.05,888932579.29,124216182.96,0.0,0.0,0.0,111107677.31
655,2019-04-18,4598394063.12,2546371338.5,783587859.19,392600960.3,937944298.22,262761137.19,0.0,0.0,0.0,98965509.57
656,2019-04-19,4472223200.97,2486460932.08,802928116.84,484919254.71,726933448.56,288590127.72,0.0,0.0,0.0,86829057.89
657,2019-04-20,4114325076.75,2149563319.38,682360141.94,313000850.45,709583792.52,223215623.29,0.0,0.0,0.0,78606054.7
658,2019-04-21,4595544788.29,2205074829.05,899642017.2,434312914.21,977057538.97,199891101.63,0.0,0.0,0.0,103537695.97
659,2019-04-22,4899904692.18,2176627587.3,756520468.52,436393090.28,944566418.82,181488621.02,0.0,0.0,0.0,96083172.65
660,2019-04-23,5529444628.62,2535441600.23,790409629.24,502657040.05,1009519863.33,172234381.74,0.0,0.0,0.0,119309112.1
661,2019-04-24,5825745514.34,2590903572.59,993845748.86,572093805.06,1463590523.89,173607608.6,0.0,0.0,0.0,167472569.74
662,2019-04-25,5256091404.75,2378439177.9,775966079.68,413968952.08,1174657555.44,168554618.91,0.0,0.0,0.0,151224361.75
663,2019-04-26,5638387127.92,2550608119.88,821824412.78,416997385.6,956726173.53,176213543.33,0.0,0.0,0.0,135512893.1
664,2019-04-27,3773274188.08,1787496403.02,518151416.35,246197747.61,533091256.29,141668966.47,0.0,0.0,0.0,96606955.66
665,2019-04-28,3950774272.84,1722010588.51,595177987.47,288449728.91,505218496.53,157386955.91,0.0,0.0,0.0,86367265.31
666,2019-04-29,4467817084.2,2135691868.42,593737275.15,487950387.4,719814186.66,131765440.83,0.0,0.0,0.0,148737269.3
667,2019-04-30,4501318787.11,2045194496.52,839372232.87,689251627.17,800603796.21,126070174.49,0.0,0.0,0.0,115518872.93
668,2019-05-01,4158307671.31,1814139805.94,693971398.79,674654802.37,631326781.24,117467665.17,0.0,0.0,0.0,113584286.02
669,2019-05-02,4435139114.03,1869923062.89,671274809.47,554708171.84,619149271.66,151810685.8,0.0,0.0,0.0,116280930.24
670,2019-05-03,6415244059.89,2470122454.39,1006718262.6,802153902.48,1045995552.25,144033682.02,0.0,0.0,0.0,132695150.85
671,2019-05-04,5884785520.4,2159437850.54,1012867325.1,1196674966.18,998473279.93,123255472.41,0.0,0.0,0.0,116592291.53
672,2019-05-05,4621620505.12,1736507350.37,674732528.02,782084557.76,503167752.91,107217547.75,0.0,0.0,0.0,97297574.48
673,2019-05-06,4975580543.27,2776745604.18,856793881.72,672016657.8,930325507.03,109769353.59,0.0,0.0,0.0,120076397.22
674,2019-05-07,6029416710.72,3222414395.45,874056814.75,632451721.21,904848217.81,107391842.36,0.0,0.0,0.0,116502786.57
675,2019-05-08,4749142954.69,2050549776.99,690304552.61,408168364.93,633495629.15,165151684.75,0.0,0.0,0.0,106034937.59
676,2019-05-09,5441043661.97,2247198785.84,726213736.54,473135541.0,703702993.71,135229988.94,0.0,0.0,0.0,138410955.41
677,2019-05-10,6336995705.29,2928594039.23,959871365.57,597828489.07,925711643.29,145139414.17,0.0,0.0,0.0,151961096.35
678,2019-05-11,11117927993.36,5291327322.55,1946970180.78,1549443018.5,2010780772.07,221019689.72,0.0,0.0,0.0,209489278.84
679,2019-05-12,10283448349.87,4191879393.95,1753370405.29,1805891724.06,1458864180.35,178439280.87,0.0,0.0,0.0,190497044.17
680,2019-05-13,9859479205.91,3641995431.63,1352105814.06,1235708536.84,1047555120.43,298668601.37,0.0,0.0,0.0,196035732.29
681,2019-05-14,10699333441.88,4802439361.15,1528112939.06,946367606.77,1732221522.09,262483952.18,0.0,0.0,0.0,323198217.65
682,2019-05-15,10322972843.97,5731819171.45,1920896301.86,790714125.48,1868731096.35,262906111.62,0.0,0.0,0.0,366408973.75
683,2019-05-16,11544861891.13,8089729116.36,2079336070.46,1234938404.08,2202900462.89,283084727.07,0.0,101941771.41,0.0,430694210.47
684,2019-05-17,11516948602.08,6212341403.33,1835752578.27,941697708.94,1909099525.69,261483347.48,0.0,185744493.92,0.0,303800019.71
685,2019-05-18,6965507919.66,3176270596.44,1048266535.14,433333752.43,716495433.16,321451379.2,0.0,79455820.03,0.0,150337520.35
686,2019-05-19,9690986995.94,3912398454.23,1287186618.89,920611443.09,1090398292.96,332373568.32,0.0,122490884.12,0.0,183188778.63
687,2019-05-20,8787159423.11,3338548312.73,1112342425.97,784752943.2,1040251998.6,314812534.43,0.0,85681121.74,0.0,238736159.24
688,2019-05-21,7941056948.05,3001400013.86,890590989.88,690608195.43,844008887.46,519019619.35,0.0,84491979.97,0.0,172710744.32
689,2019-05-22,7590767218.51,2929943469.26,948694737.35,537834478.13,856073708.92,346224196.93,0.0,57540080.11,0.0,156717030.64
690,2019-05-23,7577388022.14,3508016115.05,899981256.11,578715282.99,861375142.71,354138939.69,0.0,25783565.22,0.0,151524641.34
691,2019-05-24,7836675828.24,2778368051.5,1802978694.32,546945283.82,1120491631.76,429197973.96,0.0,81312432.93,0.0,138096068.79
692,2019-05-25,6071445276.94,2404536291.46,1383582250.99,309141940.68,805523260.47,406568602.07,0.0,64458775.34,0.0,111761516.51
693,2019-05-26,8188504436.5,2962308918.05,1683316905.58,514479410.36,1261170607.47,365162969.06,0.0,143826682.75,0.0,155718439.94
694,2019-05-27,8897891198.49,3513899588.29,1917501894.63,621320957.45,2339251199.41,361450094.2,0.0,152133403.85,0.0,193887559.83
695,2019-05-28,7493177084.76,2815963254.92,1325586838.38,355563247.47,2199999607.37,318362617.37,0.0,96135958.25,0.0,206264014.16
696,2019-05-29,7057578281.81,2527962061.36,1332551362.09,635743201.26,1535129208.12,349168771.16,0.0,87778231.28,0.0,326292253.27
697,2019-05-30,9584110282.39,4161751045.35,1628947829.21,677551179.41,2034429042.15,313993228.09,0.0,97672826.48,0.0,314476974.9
698,2019-05-31,7648347123.7,3153145069.2,1363612711.33,429146754.91,2467118316.59,321079283.13,0.0,125701090.99,0.0,187022990.45
699,2019-06-01,6183222268.48,2380890713.36,1044382538.59,264298353.47,2147728197.53,310986623.79,0.0,118543290.02,0.0,213105930.94
700,2019-06-02,5405380349.88,1821217416.12,798608187.4,254408531.23,1451842280.68,266792945.83,0.0,164402902.86,0.0,117571025.66
701,2019-06-03,6267245907.42,2262652424.95,892801955.52,448784041.19,1535163484.96,243036684.27,0.0,7829671.4,0.0,126161250.45
702,2019-06-04,7367777520.31,2525956880.78,1089857173.22,483234088.34,1578144111.67,252285042.29,0.0,90145244.33,0.0,177059886.06
703,2019-06-05,5891751370.74,1834585293.57,794523342.43,527527521.07,911871856.77,287368018.98,0.0,60913240.17,0.0,105215372.16
704,2019-06-06,5191465854.01,1637392798.55,907612470.48,321238199.32,785975207.0,266390870.73,0.0,30803392.36,0.0,96035680.86
705,2019-06-07,5413198604.19,1689004117.62,1251952164.01,250634288.94,790223060.45,222222231.55,0.0,54301205.65,0.0,113331005.32
706,2019-06-08,3603574128.22,1258207618.27,852624295.53,191296526.54,526583622.98,269146584.11,0.0,80227335.41,0.0,56474232.8
707,2019-06-09,5210916672.25,1823321668.97,1122077629.29,196163002.15,678747943.51,217855237.74,0.0,147731567.54,0.0,80344783.9
708,2019-06-10,6086859453.61,2066732408.78,1670140721.21,244646194.91,728609352.12,296564363.29,0.0,84323329.22,0.0,142990848.26
709,2019-06-11,5037098979.75,1653590870.17,1537658582.66,195573163.6,578450087.58,245921459.98,0.0,88749436.06,0.0,94327504.69
710,2019-06-12,6452225039.41,2200773737.94,1850389635.54,243011705.53,792005258.0,355104096.05,0.0,46694447.78,0.0,124119247.93
711,2019-06-13,6241588697.98,2054227955.51,1323266598.53,412024908.25,805230797.86,323923415.78,0.0,98790521.14,0.0,152420635.33
712,2019-06-14,6547403366.44,2023044673.66,1146529015.94,303775395.54,641029666.13,460418298.2,0.0,165027270.75,0.0,152200028.28
713,2019-06-15,4939204043.75,1766054938.9,849424712.1,254853443.1,794186111.76,301815735.55,0.0,151451564.89,0.0,138610184.4
714,2019-06-16,7216726974.99,2374050116.52,883181728.95,327406044.5,1023137334.27,231194938.93,0.0,190176428.44,0.0,99179891.86
715,2019-06-17,6305882385.17,2028174137.94,704945403.64,236224019.58,778294419.73,357053181.73,0.0,232067067.77,0.0,121181689.88
716,2019-06-18,5662931148.31,1910757636.77,836529385.76,307339960.4,717609115.8,377502618.17,0.0,97444659.51,0.0,111660714.26
717,2019-06-19,4752621052.49,1705078162.54,972856270.88,206413501.63,515299477.75,417670053.06,0.0,137012045.82,0.0,91079683.59
718,2019-06-20,5905710384.41,2294081828.76,792611132.13,269452729.37,795145931.5,518116556.27,0.0,143455586.54,0.0,128819859.69
719,2019-06-21,7328625918.04,3809082361.86,991958995.43,440388129.59,1133548694.68,360300903.82,0.0,112177849.8,0.0,139814272.77
720,2019-06-22,11750233444.17,4029260584.05,1524135671.59,1017865909.06,1571841057.6,315229724.31,0.0,232261149.27,0.0,405231589.08
721,2019-06-23,7105045270.54,2739857445.22,831434219.72,518104293.95,937574102.43,272195928.31,0.0,170283259.54,0.0,247228236.91
722,2019-06-24,6581595598.22,2700108656.86,798546587.83,353810680.13,846891074.76,249855443.97,0.0,77206919.9,0.0,233407004.57
723,2019-06-25,9504836031.85,3375833800.08,1190822333.99,452417524.0,1023159595.08,213224885.19,0.0,175294546.93,0.0,313850869.71
724,2019-06-26,19021630114.14,6713050090.8,1751225557.04,873970144.74,2056047405.42,336594844.69,0.0,393917540.28,0.0,453475912.03
725,2019-06-27,16598736509.4,5853603411.39,1846637678.13,841468676.61,1959296106.41,307864930.42,0.0,321354352.24,0.0,319232286.62
726,2019-06-28,12225548701.3,3752670079.53,1188438039.87,645459963.35,1655514287.89,227133075.58,0.0,49285569.85,0.0,256338337.06
727,2019-06-29,9511350779.61,3534127408.84,1624812572.36,499362276.18,1241263702.86,249997611.67,0.0,68121206.13,0.0,235740256.9
728,2019-06-30,8950527587.25,3410138895.88,1584060809.96,458485842.32,1235424016.02,183164310.02,0.0,53910079.68,0.0,189624124.66
729,2019-07-01,9398716816.4,3291737015.93,1315581960.96,536729242.82,1358731438.72,191204119.48,0.0,147968529.82,0.0,198157893.98
